Communes,code_ofs,district_electoral,liste_eag_2022,statut_comparaison,bulletins_2022,voix_eag_2022,part_eag_2022,bulletins_2026,voix_raboud_2026,part_raboud_2026,diff_part,ratio_part,voix_raboud_base_2022,diff_voix,effet_participation,effet_performance,dim1,particip_moy
Aigle,5401,Aigle,TRUE,progression,1562,62,0.03969270166453265,2450,168,0.06857142857142857,0.028878726906895927,1.7275576036866362,107.10857142857144,106,60.89142857142858,45.10857142857144,0.5688941388859339,0.45085012529550283
Bex,5402,Aigle,TRUE,progression,1239,39,0.031476997578692496,2200,176,0.08,0.048523002421307505,2.5415384615384613,99.12,137,76.88,60.12,1.7108029824327098,0.48216961422590304
Chessel,5403,Aigle,TRUE,progression,97,1,0.010309278350515464,166,11,0.06626506024096386,0.0559557818904484,6.427710843373495,6.427710843373495,10,4.572289156626506,5.427710843373495,-1.5712154421992,0.5202587330761645
Corbeyrier,5404,Aigle,TRUE,progression,130,5,0.038461538461538464,198,19,0.09595959595959595,0.05749805749805749,2.494949494949495,12.474747474747474,14,6.525252525252525,7.474747474747474,1.6759382812305517,0.5638722197342887
Gryon,5405,Aigle,TRUE,progression,267,13,0.04868913857677903,489,30,0.06134969325153374,0.012660554674754715,1.2600283152430392,16.380368098159508,17,13.61963190184049,3.380368098159509,-0.2710187003843512,0.5476769879333233
Lavey-Morcles,5406,Aigle,TRUE,progression,164,6,0.036585365853658534,284,19,0.06690140845070422,0.030316042597045685,1.828638497652582,10.971830985915492,13,8.028169014084506,4.971830985915492,-1.0904557202354677,0.4715955719066688
Leysin,5407,Aigle,TRUE,progression,500,10,0.02,819,54,0.06593406593406594,0.04593406593406593,3.2967032967032965,32.96703296703297,44,21.032967032967033,22.967032967032967,1.5435298061095266,0.5008199583708958
Noville,5408,Aigle,TRUE,stable,199,5,0.02512562814070352,390,12,0.03076923076923077,0.005643602628527252,1.2246153846153847,6.1230769230769235,7,5.876923076923077,1.123076923076923,-1.1589350032365462,0.46397311614251074
Ollon VD,5409,Aigle,TRUE,progression,1543,42,0.027219701879455604,2546,143,0.05616653574234093,0.028946833862885324,2.0634515392960013,86.66496465043205,101,56.33503534956795,44.664964650432054,-0.33224549929693703,0.5848229409975736
Ormont-Dessous,5410,Aigle,TRUE,progression,244,5,0.020491803278688523,477,31,0.0649895178197065,0.044497714541017974,3.171488469601677,15.857442348008384,26,15.142557651991613,10.857442348008385,-1.6178290198769911,0.5253258391101622
Ormont-Dessus,5411,Aigle,TRUE,stable,335,8,0.023880597014925373,544,17,0.03125,0.007369402985074627,1.30859375,10.46875,9,6.53125,2.46875,-2.5385878752717734,0.5393473046225663
Rennaz,5412,Aigle,TRUE,progression,98,4,0.04081632653061224,216,16,0.07407407407407407,0.03325774754346183,1.8148148148148149,7.259259259259259,12,8.74074074074074,3.259259259259259,0.6916508514609131,0.4493188529819293
Roche VD,5413,Aigle,TRUE,progression,202,3,0.01485148514851485,442,33,0.0746606334841629,0.059809148335648044,5.027149321266968,15.081447963800905,30,17.918552036199095,12.081447963800905,-1.0586417848515013,0.41900932755792963
Villeneuve VD,5414,Aigle,TRUE,progression,758,14,0.018469656992084433,1230,66,0.05365853658536585,0.035188879593281416,2.905226480836237,40.673170731707316,52,25.326829268292684,26.673170731707312,1.4627601192238042,0.4380446153322844
Yvorne,5415,Aigle,TRUE,progression,264,3,0.011363636363636364,413,13,0.031476997578692496,0.020113361215056132,2.7699757869249395,8.30992736077482,10,4.690072639225182,5.309927360774819,-1.0928522694802045,0.4772112620379461
Avenches,5451,Broye-Vully,FALSE,sans liste 2022,573,0,0,986,45,0.04563894523326572,0.04563894523326572,NA,26.151115618661258,45,18.848884381338742,26.151115618661258,-0.6025186908939155,0.4326803557937513
Bussy-sur-Moudon,5663,Broye-Vully,FALSE,sans liste 2022,64,0,0,119,3,0.025210084033613446,0.025210084033613446,NA,1.6134453781512605,3,1.3865546218487395,1.6134453781512605,-4.521534652631299,0.5441763057731923
Champtauroz,5812,Broye-Vully,FALSE,sans liste 2022,44,0,0,82,7,0.08536585365853659,0.08536585365853659,NA,3.75609756097561,7,3.2439024390243905,3.75609756097561,2.1628007057015632,0.5594165543018002
Chavannes-sur-Moudon,5665,Broye-Vully,FALSE,sans liste 2022,67,0,0,116,6,0.05172413793103448,0.05172413793103448,NA,3.4655172413793105,6,2.5344827586206895,3.4655172413793105,-5.081327537043442,0.5117780856564506
Chevroux,5813,Broye-Vully,FALSE,sans liste 2022,114,0,0,191,8,0.041884816753926704,0.041884816753926704,NA,4.774869109947645,8,3.2251308900523563,4.774869109947645,-1.1143607624068088,0.5405060881264339
Corcelles-le-Jorat,5785,Broye-Vully,FALSE,sans liste 2022,154,0,0,191,7,0.03664921465968586,0.03664921465968586,NA,5.643979057591623,7,1.356020942408377,5.643979057591623,-1.1846073047013927,0.5664965535524921
Corcelles-près-Payerne,5816,Broye-Vully,FALSE,sans liste 2022,542,0,0,747,38,0.050870147255689425,0.050870147255689425,NA,27.57161981258367,38,10.428380187416332,27.57161981258367,-3.046913375453423,0.4875381617577917
Cudrefin,5456,Broye-Vully,FALSE,sans liste 2022,290,0,0,660,29,0.04393939393939394,0.04393939393939394,NA,12.742424242424242,29,16.257575757575758,12.742424242424242,-0.9533911775174966,0.4709423152044959
Curtilles,5669,Broye-Vully,FALSE,sans liste 2022,81,0,0,105,5,0.047619047619047616,0.047619047619047616,NA,3.8571428571428568,5,1.1428571428571428,3.8571428571428568,0.41061529764896126,0.5543814177779992
Dompierre VD,5671,Broye-Vully,FALSE,sans liste 2022,77,0,0,105,6,0.05714285714285714,0.05714285714285714,NA,4.3999999999999995,6,1.5999999999999999,4.3999999999999995,-2.9930675801359,0.6010530118875992
Faoug,5458,Broye-Vully,FALSE,sans liste 2022,114,0,0,249,16,0.0642570281124498,0.0642570281124498,NA,7.325301204819277,16,8.674698795180722,7.325301204819277,-0.3571523132075901,0.43147313269843546
Grandcour,5817,Broye-Vully,FALSE,sans liste 2022,198,0,0,318,17,0.05345911949685535,0.05345911949685535,NA,10.584905660377359,17,6.415094339622642,10.584905660377359,-0.6052574022396634,0.4657065619483191
Henniez,5819,Broye-Vully,FALSE,sans liste 2022,46,0,0,100,7,0.07,0.07,NA,3.22,7,3.7800000000000002,3.22,-1.7404418406840474,0.37920199922555736
Hermenches,5673,Broye-Vully,FALSE,sans liste 2022,93,0,0,151,4,0.026490066225165563,0.026490066225165563,NA,2.4635761589403975,4,1.5364238410596027,2.4635761589403975,-3.915555484691521,0.5339477402033629
Lovatens,5674,Broye-Vully,FALSE,sans liste 2022,37,0,0,68,7,0.10294117647058823,0.10294117647058823,NA,3.8088235294117645,7,3.191176470588235,3.8088235294117645,3.8205852154544897,0.5243006993006993
Lucens,5675,Broye-Vully,FALSE,sans liste 2022,574,0,0,892,49,0.05493273542600897,0.05493273542600897,NA,31.531390134529147,49,17.468609865470853,31.531390134529147,1.3323053055807024,0.4546020591291871
Missy,5821,Broye-Vully,FALSE,sans liste 2022,92,0,0,148,12,0.08108108108108109,0.08108108108108109,NA,7.45945945945946,12,4.54054054054054,7.45945945945946,-0.5890053831392984,0.5109124141334543
Moudon,5678,Broye-Vully,FALSE,sans liste 2022,647,0,0,1111,83,0.0747074707470747,0.0747074707470747,NA,48.33573357335734,83,34.66426642664266,48.33573357335734,1.0510668325551091,0.3009569818394779
Payerne,5822,Broye-Vully,FALSE,sans liste 2022,1412,0,0,2204,89,0.04038112522686026,0.04038112522686026,NA,57.01814882032668,89,31.981851179673324,57.01814882032668,-1.7755952235528554,0.43595439499638117
Prévonloup,5683,Broye-Vully,FALSE,sans liste 2022,55,0,0,80,3,0.0375,0.0375,NA,2.0625,3,0.9375,2.0625,-3.2137146534295478,0.4548605686276992
Ropraz,5798,Broye-Vully,FALSE,sans liste 2022,110,0,0,193,16,0.08290155440414508,0.08290155440414508,NA,9.119170984455959,16,6.880829015544042,9.119170984455959,-1.2428359344402384,0.5516557443868423
Rossenges,5684,Broye-Vully,FALSE,sans liste 2022,23,0,0,29,0,0,0,NA,0,0,0,0,-2.5058661294552147,0.5276367948781742
Syens,5688,Broye-Vully,FALSE,sans liste 2022,33,0,0,41,1,0.024390243902439025,0.024390243902439025,NA,0.8048780487804879,1,0.1951219512195122,0.8048780487804879,-1.1666171111827057,0.4523678568622389
Trey,5827,Broye-Vully,FALSE,sans liste 2022,92,0,0,106,6,0.05660377358490566,0.05660377358490566,NA,5.2075471698113205,6,0.7924528301886793,5.2075471698113205,-3.160094993067322,0.5008162580963978
Treytorrens (Payerne),5828,Broye-Vully,FALSE,sans liste 2022,36,0,0,57,2,0.03508771929824561,0.03508771929824561,NA,1.263157894736842,2,0.7368421052631579,1.263157894736842,-5.826046634231328,0.5839887096168784
Valbroye,5831,Broye-Vully,FALSE,sans liste 2022,690,0,0,995,52,0.05226130653266332,0.05226130653266332,NA,36.06030150753769,52,15.93969849246231,36.06030150753769,-2.6561456655019455,0.5133799208341189
Villars-le-Comte,5690,Broye-Vully,FALSE,sans liste 2022,35,0,0,59,6,0.1016949152542373,0.1016949152542373,NA,3.5593220338983054,6,2.440677966101695,3.5593220338983054,-3.05923457203056,0.5941809180918092
Villarzel,5830,Broye-Vully,FALSE,sans liste 2022,114,0,0,179,12,0.0670391061452514,0.0670391061452514,NA,7.642458100558659,12,4.35754189944134,7.642458100558659,-0.3313570423056125,0.4903659330967969
Vucherens,5692,Broye-Vully,FALSE,sans liste 2022,164,0,0,245,16,0.0653061224489796,0.0653061224489796,NA,10.710204081632654,16,5.289795918367347,10.710204081632654,0.9452088320221907,0.5443502772867355
Vulliens,5803,Broye-Vully,FALSE,sans liste 2022,171,0,0,256,11,0.04296875,0.04296875,NA,7.34765625,11,3.65234375,7.34765625,-2.6817090845659117,0.582952772904926
Vully-les-Lacs,5464,Broye-Vully,FALSE,sans liste 2022,634,0,0,1147,51,0.044463818657367045,0.044463818657367045,NA,28.190061028770707,51,22.809938971229293,28.190061028770707,-2.7244904621291397,0.5033192996254114
Assens,5511,Gros-de-Vaud,FALSE,sans liste 2022,428,0,0,636,33,0.05188679245283019,0.05188679245283019,NA,22.20754716981132,33,10.79245283018868,22.20754716981132,-2.4636121485345304,0.5324305791229444
Bercher,5512,Gros-de-Vaud,FALSE,sans liste 2022,303,0,0,477,14,0.029350104821802937,0.029350104821802937,NA,8.89308176100629,14,5.106918238993711,8.89308176100629,-0.5605811925366224,0.5364476536088724
Bettens,5471,Gros-de-Vaud,FALSE,sans liste 2022,122,0,0,215,9,0.04186046511627907,0.04186046511627907,NA,5.1069767441860465,9,3.8930232558139535,5.1069767441860465,-2.535202205177911,0.5232636562829134
Bottens,5514,Gros-de-Vaud,FALSE,sans liste 2022,268,0,0,491,30,0.06109979633401222,0.06109979633401222,NA,16.374745417515275,30,13.625254582484725,16.374745417515275,-0.9160173006145529,0.49406461490741976
Boulens,5661,Gros-de-Vaud,FALSE,sans liste 2022,110,0,0,165,9,0.05454545454545454,0.05454545454545454,NA,6,9,3,6,0.025988728767356015,0.5691485885413168
Bournens,5472,Gros-de-Vaud,FALSE,sans liste 2022,103,0,0,197,9,0.04568527918781726,0.04568527918781726,NA,4.7055837563451774,9,4.2944162436548226,4.7055837563451774,-2.9786567520587024,0.5187450446631927
Boussens,5473,Gros-de-Vaud,FALSE,sans liste 2022,192,0,0,373,14,0.03753351206434316,0.03753351206434316,NA,7.206434316353887,14,6.793565683646112,7.206434316353887,0.5267132759416778,0.5950638674057313
Bretigny-sur-Morrens,5515,Gros-de-Vaud,FALSE,sans liste 2022,173,0,0,306,15,0.049019607843137254,0.049019607843137254,NA,8.480392156862745,15,6.519607843137255,8.480392156862745,2.275541460960916,0.50963027529212
Cugy VD,5516,Gros-de-Vaud,FALSE,sans liste 2022,496,0,0,855,56,0.06549707602339182,0.06549707602339182,NA,32.48654970760234,56,23.513450292397664,32.48654970760234,2.241553336901663,0.5413415298752116
Daillens,5480,Gros-de-Vaud,FALSE,sans liste 2022,236,0,0,412,31,0.07524271844660194,0.07524271844660194,NA,17.757281553398055,31,13.242718446601941,17.757281553398055,0.9663732649241833,0.5709473991440841
Echallens,5518,Gros-de-Vaud,FALSE,sans liste 2022,1134,0,0,2081,109,0.052378664103796255,0.052378664103796255,NA,59.397405093704954,109,49.60259490629505,59.397405093704954,1.2112692885626963,0.49770253796791913
Essertines-sur-Yverdon,5520,Gros-de-Vaud,FALSE,sans liste 2022,209,0,0,355,19,0.05352112676056338,0.05352112676056338,NA,11.185915492957745,19,7.814084507042253,11.185915492957745,-0.8472566290265438,0.4812594475056499
Etagnières,5521,Gros-de-Vaud,FALSE,sans liste 2022,246,0,0,407,27,0.06633906633906633,0.06633906633906633,NA,16.319410319410316,27,10.68058968058968,16.319410319410316,1.2173262594536136,0.5630519347300761
Fey,5522,Gros-de-Vaud,FALSE,sans liste 2022,154,0,0,284,19,0.06690140845070422,0.06690140845070422,NA,10.30281690140845,19,8.697183098591548,10.30281690140845,0.46647057484189997,0.5054567006691851
Froideville,5523,Gros-de-Vaud,FALSE,sans liste 2022,550,0,0,1059,38,0.03588290840415486,0.03588290840415486,NA,19.73559962228517,38,18.264400377714825,19.73559962228517,-0.6221235181059949,0.5718157852445716
Goumoëns,5541,Gros-de-Vaud,FALSE,sans liste 2022,300,0,0,461,22,0.04772234273318872,0.04772234273318872,NA,14.316702819956616,22,7.683297180043383,14.316702819956616,-1.9511711953617812,0.5634601543692453
Jorat-Menthue,5804,Gros-de-Vaud,FALSE,sans liste 2022,355,0,0,563,25,0.04440497335701599,0.04440497335701599,NA,15.763765541740675,25,9.236234458259325,15.763765541740675,-0.484753958824083,0.5236705046923263
Lussery-Villars,5487,Gros-de-Vaud,FALSE,sans liste 2022,103,0,0,176,14,0.07954545454545454,0.07954545454545454,NA,8.193181818181818,14,5.806818181818182,8.193181818181818,3.110393372365199,0.5060971877348176
Mex VD,5489,Gros-de-Vaud,FALSE,sans liste 2022,146,0,0,256,7,0.02734375,0.02734375,NA,3.9921875,7,3.0078125,3.9921875,-2.511433009180533,0.4957024009979721
Montanaire,5693,Gros-de-Vaud,FALSE,sans liste 2022,694,0,0,1067,45,0.04217432052483599,0.04217432052483599,NA,29.268978444236176,45,15.731021555763824,29.268978444236176,-1.1301295665620985,0.5196370543087732
Montilliez,5540,Gros-de-Vaud,FALSE,sans liste 2022,425,0,0,692,26,0.03757225433526012,0.03757225433526012,NA,15.96820809248555,26,10.031791907514451,15.96820809248555,-2.2908547326419852,0.516229827978716
Morrens VD,5527,Gros-de-Vaud,FALSE,sans liste 2022,218,0,0,466,32,0.06866952789699571,0.06866952789699571,NA,14.969957081545065,32,17.030042918454935,14.969957081545065,0.8227866796196236,0.5732029264237889
Ogens,5680,Gros-de-Vaud,FALSE,sans liste 2022,81,0,0,136,14,0.10294117647058823,0.10294117647058823,NA,8.338235294117647,14,5.661764705882352,8.338235294117647,0.9489908395434966,0.5232859055025509
Oppens,5923,Gros-de-Vaud,FALSE,sans liste 2022,52,0,0,93,6,0.06451612903225806,0.06451612903225806,NA,3.354838709677419,6,2.6451612903225805,3.354838709677419,0.817602353946175,0.5503758460347667
Oulens-sous-Echallens,5529,Gros-de-Vaud,FALSE,sans liste 2022,168,0,0,271,13,0.04797047970479705,0.04797047970479705,NA,8.059040590405905,13,4.940959409594096,8.059040590405905,-2.0216375085966405,0.6104668191200314
Pailly,5530,Gros-de-Vaud,FALSE,sans liste 2022,140,0,0,232,10,0.04310344827586207,0.04310344827586207,NA,6.03448275862069,10,3.9655172413793105,6.03448275862069,-3.1839867099640937,0.560794324388296
Penthalaz,5495,Gros-de-Vaud,FALSE,sans liste 2022,556,0,0,932,51,0.05472103004291846,0.05472103004291846,NA,30.424892703862664,51,20.57510729613734,30.424892703862664,0.6601345961357074,0.4899626087921139
Penthaz,5496,Gros-de-Vaud,FALSE,sans liste 2022,283,0,0,530,29,0.05471698113207547,0.05471698113207547,NA,15.48490566037736,29,13.515094339622642,15.48490566037736,-0.47203209915522193,0.5011786238895755
Penthéréaz,5531,Gros-de-Vaud,FALSE,sans liste 2022,107,0,0,199,9,0.04522613065326633,0.04522613065326633,NA,4.839195979899498,9,4.160804020100502,4.839195979899498,-0.9395151499860672,0.5490179432750539
Poliez-Pittet,5533,Gros-de-Vaud,FALSE,sans liste 2022,191,0,0,311,17,0.05466237942122187,0.05466237942122187,NA,10.440514469453376,17,6.559485530546624,10.440514469453376,-2.563279127429139,0.5295675322667015
Rueyres,5534,Gros-de-Vaud,FALSE,sans liste 2022,109,0,0,147,2,0.013605442176870748,0.013605442176870748,NA,1.4829931972789114,2,0.5170068027210885,1.4829931972789114,-0.32488798916800343,0.6624770600259932
Saint-Barthélemy VD,5535,Gros-de-Vaud,FALSE,sans liste 2022,172,0,0,328,6,0.018292682926829267,0.018292682926829267,NA,3.146341463414634,6,2.8536585365853657,3.146341463414634,-2.7937678242496147,0.5684327601599977
Sullens,5501,Gros-de-Vaud,FALSE,sans liste 2022,192,0,0,418,22,0.05263157894736842,0.05263157894736842,NA,10.105263157894736,22,11.894736842105262,10.105263157894736,-2.210945794806827,0.5425306143926787
Villars-le-Terroir,5537,Gros-de-Vaud,FALSE,sans liste 2022,302,0,0,492,19,0.03861788617886179,0.03861788617886179,NA,11.662601626016261,19,7.33739837398374,11.662601626016261,-2.2992770158757576,0.5075894833888569
Vuarrens,5539,Gros-de-Vaud,FALSE,sans liste 2022,246,0,0,405,20,0.04938271604938271,0.04938271604938271,NA,12.148148148148147,20,7.851851851851851,12.148148148148147,-2.8398979852345345,0.5278481406472594
Vufflens-la-Ville,5503,Gros-de-Vaud,FALSE,sans liste 2022,320,0,0,512,24,0.046875,0.046875,NA,15,24,9,15,1.5568555213998059,0.583689412607214
Agiez,5742,Yverdon,TRUE,stable,72,6,0.08333333333333333,129,12,0.09302325581395349,0.009689922480620158,1.1162790697674418,6.697674418604651,6,5.3023255813953485,0.6976744186046514,-0.6644864825187313,0.5094776034867698
Arnex-sur-Orbe,5743,Yverdon,TRUE,recul,182,14,0.07692307692307693,264,12,0.045454545454545456,-0.03146853146853147,0.5909090909090909,8.272727272727273,-2,3.7272727272727275,-5.7272727272727275,2.4026920526567626,0.5223504060613784
Ballaigues,5744,Yverdon,TRUE,stable,237,17,0.07172995780590717,425,34,0.08,0.00827004219409283,1.1152941176470588,18.96,17,15.040000000000001,1.9600000000000009,0.6044088349312591,0.5180564381376328
Baulmes,5745,Yverdon,TRUE,recul,285,39,0.1368421052631579,407,26,0.06388206388206388,-0.07296004138109402,0.4668304668304668,18.20638820638821,-13,7.7936117936117935,-20.793611793611795,2.8962031057017024,0.5258007623199429
Bavois,5746,Yverdon,TRUE,recul,197,14,0.07106598984771574,362,13,0.03591160220994475,-0.03515438763777099,0.5053275453827939,7.0745856353591154,-1,5.925414364640884,-6.9254143646408854,-0.10878852698562899,0.4807121057551139
Belmont-sur-Yverdon,5902,Yverdon,TRUE,recul,98,8,0.08163265306122448,175,11,0.06285714285714286,-0.018775510204081622,0.7700000000000001,6.16,3,4.840000000000001,-1.839999999999999,-1.8983813876649989,0.5383044797986293
Bioley-Magnoux,5903,Yverdon,TRUE,recul,72,5,0.06944444444444445,127,4,0.031496062992125984,-0.037948381452318464,0.45354330708661417,2.267716535433071,-1,1.7322834645669292,-2.7322834645669296,-1.7585718388781502,0.5320759713449498
Bofflens,5747,Yverdon,TRUE,recul,74,3,0.04054054054054054,87,1,0.011494252873563218,-0.029046287666977325,0.2835249042145594,0.8505747126436781,-2,0.14942528735632182,-2.149425287356322,-1.5996541383257774,0.6295014955302036
Bonvillars,5551,Yverdon,TRUE,recul,132,7,0.05303030303030303,233,9,0.03862660944206009,-0.014403693588242943,0.7283874923359902,5.098712446351932,2,3.901287553648069,-1.9012875536480685,-0.9505458930377921,0.5709685655253837
Bretonnières,5748,Yverdon,TRUE,recul,82,8,0.0975609756097561,133,11,0.08270676691729323,-0.014854208692462872,0.8477443609022556,6.781954887218045,3,4.2180451127819545,-1.2180451127819556,1.8559420068747996,0.6050126711465413
Bullet,5552,Yverdon,TRUE,recul,211,8,0.037914691943127965,390,10,0.02564102564102564,-0.012273666302102325,0.6762820512820512,5.41025641025641,2,4.589743589743589,-2.5897435897435908,-3.084023289993721,0.6004751890194864
Chamblon,5904,Yverdon,TRUE,recul,142,11,0.07746478873239436,212,12,0.05660377358490566,-0.0208610151474887,0.7307032590051459,8.037735849056604,1,3.9622641509433962,-2.9622641509433953,-2.123848423659282,0.5242162255144325
Champagne,5553,Yverdon,TRUE,recul,205,20,0.0975609756097561,337,14,0.04154302670623145,-0.05601794890352465,0.4258160237388724,8.516320474777448,-6,5.483679525222552,-11.483679525222554,-0.39484155873893145,0.47052930723243813
Champvent,5905,Yverdon,TRUE,stable,152,7,0.046052631578947366,282,14,0.04964539007092199,0.003592758491974622,1.0780141843971631,7.546099290780142,7,6.453900709219859,0.5460992907801425,0.12119921971358821,0.5365713531337677
Chavannes-le-Chêne,5907,Yverdon,TRUE,progression,82,2,0.024390243902439025,131,9,0.06870229007633588,0.044312046173896856,2.816793893129771,5.633587786259542,7,3.366412213740458,3.6335877862595423,-3.336074078299358,0.4552868467045083
Chavornay,5749,Yverdon,TRUE,stable,881,73,0.08286038592508513,1480,110,0.07432432432432433,-0.0085360616007608,0.8969825990373936,65.47972972972973,37,44.520270270270274,-7.520270270270265,0.8357448685118144,0.47670921893291146
Cheseaux-Noréaz,5909,Yverdon,TRUE,recul,224,10,0.044642857142857144,315,9,0.02857142857142857,-0.016071428571428573,0.64,6.3999999999999995,-1,2.6,-3.6000000000000005,-0.8820155717085341,0.5836605718596298
Chêne-Pâquier,5908,Yverdon,TRUE,recul,44,6,0.13636363636363635,66,4,0.06060606060606061,-0.07575757575757575,0.4444444444444445,2.666666666666667,-2,1.3333333333333335,-3.333333333333333,0.6909343576668351,0.5531631648239724
Concise,5554,Yverdon,TRUE,stable,244,21,0.0860655737704918,330,28,0.08484848484848485,-0.001217088922006948,0.985858585858586,20.703030303030303,7,7.296969696969698,-0.29696969696969533,1.5278125348685698,0.5227237689289285
Corcelles-près-Concise,5555,Yverdon,TRUE,recul,89,6,0.06741573033707865,166,7,0.04216867469879518,-0.025247055638283472,0.6255020080321285,3.7530120481927707,1,3.246987951807229,-2.246987951807229,1.892953883996865,0.47655837013377045
Cronay,5910,Yverdon,TRUE,recul,128,7,0.0546875,196,7,0.03571428571428571,-0.018973214285714288,0.6530612244897959,4.571428571428571,0,2.4285714285714284,-2.428571428571429,0.4712993841335432,0.6008464846926843
Croy,5752,Yverdon,TRUE,progression,98,9,0.09183673469387756,185,20,0.10810810810810811,0.01627137341423056,1.177177177177177,10.594594594594595,11,9.405405405405405,1.5945945945945947,4.051439737370594,0.5545143251756365
Cuarny,5911,Yverdon,TRUE,stable,59,2,0.03389830508474576,99,4,0.04040404040404041,0.006505735319294645,1.191919191919192,2.383838383838384,2,1.6161616161616164,0.38383838383838403,-2.9907315073493823,0.6369077787485969
Donneloye,5913,Yverdon,TRUE,recul,211,19,0.09004739336492891,345,24,0.06956521739130435,-0.02048217597362456,0.7725400457665904,14.678260869565218,5,9.321739130434782,-4.321739130434782,-0.11426185467457274,0.5584559623933495
Démoret,5912,Yverdon,TRUE,recul,57,6,0.10526315789473684,86,1,0.011627906976744186,-0.09363525091799266,0.11046511627906977,0.6627906976744186,-5,0.3372093023255814,-5.337209302325581,-1.8133136605265152,0.6339877728978339
Ependes VD,5914,Yverdon,TRUE,stable,100,5,0.05,141,6,0.0425531914893617,-0.007446808510638302,0.8510638297872339,4.25531914893617,1,1.7446808510638296,-0.7446808510638302,-2.4958124926353156,0.5391028170891815
Fiez,5556,Yverdon,TRUE,stable,122,10,0.08196721311475409,164,14,0.08536585365853659,0.0033986405437824996,1.0414634146341466,10.414634146341465,4,3.5853658536585367,0.41463414634146495,3.5355954155957052,0.5255524472293994
Fontaines-sur-Grandson,5557,Yverdon,TRUE,recul,47,2,0.0425531914893617,91,2,0.02197802197802198,-0.02057516951133972,0.5164835164835165,1.032967032967033,0,0.9670329670329672,-0.9670329670329669,-1.065504004581747,0.4700233674961434
Giez,5559,Yverdon,TRUE,recul,109,6,0.05504587155963303,197,6,0.030456852791878174,-0.024589018767754857,0.5532994923857868,3.3197969543147208,0,2.6802030456852792,-2.6802030456852792,-0.01195280478231082,0.5318848906464136
Grandevent,5560,Yverdon,TRUE,progression,61,1,0.01639344262295082,100,9,0.09,0.07360655737704917,5.489999999999999,5.49,8,3.51,4.489999999999999,2.680940403647835,0.626735767693951
Grandson,5561,Yverdon,TRUE,stable,733,51,0.06957708049113233,1109,68,0.061316501352569885,-0.008260579138562443,0.8812744214006614,44.94499549143372,17,23.055004508566277,-6.055004508566271,1.5063655852895237,0.48923543073264886
Juriens,5754,Yverdon,TRUE,stable,90,4,0.044444444444444446,159,6,0.03773584905660377,-0.006708595387840674,0.8490566037735848,3.3962264150943393,2,2.6037735849056602,-0.6037735849056607,-1.394402680877884,0.5735503008021391
L'Abbaye,5871,La Vallée,FALSE,sans liste 2022,396,0,0,601,28,0.04658901830282862,0.04658901830282862,NA,18.449251247920134,28,9.550748752079867,18.449251247920134,0.46309514323259315,0.5407161030906313
L'Abergement,5741,Yverdon,TRUE,recul,88,8,0.09090909090909091,144,4,0.027777777777777776,-0.06313131313131314,0.3055555555555555,2.444444444444444,-4,1.5555555555555554,-5.555555555555556,1.3950728605887126,0.7078910936778956
La Praz,5758,Yverdon,TRUE,stable,50,7,0.14,95,13,0.1368421052631579,-0.0031578947368421095,0.9774436090225563,6.842105263157896,6,6.157894736842105,-0.15789473684210548,2.8873793900601465,0.6300018485705139
Le Chenit,5872,La Vallée,FALSE,sans liste 2022,971,0,0,1433,79,0.05512909979064899,0.05512909979064899,NA,53.530355896720174,79,25.469644103279833,53.530355896720174,1.2261629625639456,0.5525396795304752
Le Lieu,5873,La Vallée,FALSE,sans liste 2022,280,0,0,310,26,0.08387096774193549,0.08387096774193549,NA,23.483870967741936,26,2.5161290322580645,23.483870967741936,2.3324071914158737,0.5687318367784354
Les Clées,5750,Yverdon,TRUE,recul,60,8,0.13333333333333333,84,6,0.07142857142857142,-0.06190476190476191,0.5357142857142857,4.285714285714286,-2,1.7142857142857142,-3.7142857142857144,4.142015187655807,0.5291711963555418
Lignerolle,5755,Yverdon,TRUE,recul,123,6,0.04878048780487805,155,2,0.012903225806451613,-0.03587726199842644,0.2645161290322581,1.5870967741935484,-4,0.4129032258064516,-4.412903225806452,-1.6744405496026238,0.5522977619593413
Mathod,5919,Yverdon,TRUE,recul,142,16,0.11267605633802817,231,22,0.09523809523809523,-0.01743796109993294,0.8452380952380951,13.523809523809524,6,8.476190476190476,-2.476190476190477,0.7105557595567936,0.5274807829013917
Mauborget,5562,Yverdon,TRUE,recul,49,4,0.08163265306122448,73,3,0.0410958904109589,-0.04053676265026558,0.5034246575342466,2.0136986301369864,-1,0.9863013698630136,-1.9863013698630134,-1.6024593540309064,0.6613558263042799
Molondin,5921,Yverdon,TRUE,progression,64,1,0.015625,104,3,0.028846153846153848,0.013221153846153848,1.8461538461538463,1.8461538461538463,2,1.153846153846154,0.8461538461538463,-1.8121233064837672,0.5095867513556556
Montagny-près-Yverdon,5922,Yverdon,TRUE,stable,154,8,0.05194805194805195,264,14,0.05303030303030303,0.0010822510822510803,1.0208333333333333,8.166666666666666,6,5.833333333333334,0.16666666666666635,-0.23600220339256744,0.460977954145188
Montcherand,5756,Yverdon,TRUE,stable,120,10,0.08333333333333333,212,16,0.07547169811320754,-0.007861635220125784,0.9056603773584906,9.056603773584905,6,6.943396226415094,-0.9433962264150941,-0.12632337729213067,0.5235887671491058
Mutrux,5563,Yverdon,TRUE,recul,40,2,0.05,54,1,0.018518518518518517,-0.031481481481481485,0.37037037037037035,0.7407407407407407,-1,0.25925925925925924,-1.2592592592592595,-0.7549312356762443,0.39771017720727586
Novalles,5564,Yverdon,TRUE,progression,33,0,0,60,3,0.05,0.05,NA,1.6500000000000001,3,1.35,1.6500000000000001,-0.2961519024065109,0.6320315530841846
Onnens VD,5565,Yverdon,TRUE,progression,110,3,0.02727272727272727,206,14,0.06796116504854369,0.04068843777581642,2.4919093851132685,7.475728155339805,11,6.524271844660194,4.475728155339806,0.6253506449161635,0.5316769929283446
Orbe,5757,Yverdon,TRUE,progression,1019,56,0.0549558390578999,1825,127,0.06958904109589041,0.014633202037990511,1.2662720156555773,70.91123287671233,71,56.088767123287674,14.911232876712331,1.4410758785796072,0.4469484766808982
Orges,5924,Yverdon,TRUE,progression,74,2,0.02702702702702703,153,9,0.058823529411764705,0.03179650238473768,2.176470588235294,4.352941176470588,7,4.647058823529412,2.352941176470588,0.25970060469692474,0.4823903548885016
Orzens,5925,Yverdon,TRUE,stable,70,8,0.11428571428571428,104,11,0.10576923076923077,-0.008516483516483514,0.9254807692307693,7.403846153846154,3,3.5961538461538463,-0.596153846153846,1.926161756431068,0.6550782972035344
Pomy,5926,Yverdon,TRUE,recul,221,19,0.08597285067873303,370,13,0.03513513513513514,-0.050837715543597894,0.4086770981507824,7.764864864864865,-6,5.235135135135136,-11.235135135135135,-1.8885772840174202,0.5453985070369309
Premier,5759,Yverdon,TRUE,recul,73,8,0.1095890410958904,125,12,0.096,-0.013589041095890403,0.8760000000000001,7.008,4,4.992,-0.9919999999999994,1.515278567004768,0.6276793122904842
Provence,5566,Yverdon,TRUE,recul,92,4,0.043478260869565216,154,4,0.025974025974025976,-0.01750423489553924,0.5974025974025975,2.38961038961039,0,1.6103896103896105,-1.61038961038961,-0.6011459029804198,0.45837431542271573
Rances,5760,Yverdon,TRUE,stable,150,9,0.06,225,12,0.05333333333333334,-0.006666666666666661,0.888888888888889,8,3,4,-0.9999999999999991,-0.47096439155893793,0.5698509859424441
Romainmôtier-Envy,5761,Yverdon,TRUE,progression,153,15,0.09803921568627451,239,33,0.13807531380753138,0.04003609812125687,1.4083682008368201,21.1255230125523,18,11.874476987447698,6.125523012552302,5.443144487202188,0.5372872360646982
Rovray,5928,Yverdon,TRUE,stable,71,1,0.014084507042253521,96,1,0.010416666666666666,-0.0036678403755868554,0.7395833333333333,0.7395833333333333,0,0.26041666666666663,-0.26041666666666674,-5.573322185386416,0.7092895740623013
Sainte-Croix,5568,Yverdon,TRUE,stable,1053,64,0.060778727445394115,1573,90,0.05721551176096631,-0.0035632156844278076,0.9413739669421487,60.247933884297524,26,29.75206611570248,-3.7520661157024815,1.0658052698920757,0.44383363230742423
Sergey,5762,Yverdon,TRUE,recul,42,5,0.11904761904761904,77,2,0.025974025974025976,-0.09307359307359306,0.2181818181818182,1.090909090909091,-3,0.9090909090909092,-3.9090909090909083,-0.8627828832531313,0.5591963645060991
Suchy,5929,Yverdon,TRUE,progression,145,5,0.034482758620689655,266,15,0.05639097744360902,0.021908218822919365,1.6353383458646615,8.176691729323307,10,6.823308270676692,3.176691729323308,-1.6404977730524462,0.5354599342061068
Suscévaz,5930,Yverdon,TRUE,stable,58,1,0.017241379310344827,87,1,0.011494252873563218,-0.005747126436781609,0.6666666666666666,0.6666666666666666,0,0.3333333333333333,-0.3333333333333333,-1.6599752168295743,0.671739663844927
Treycovagnes,5931,Yverdon,TRUE,progression,83,4,0.04819277108433735,162,11,0.06790123456790123,0.01970846348356388,1.4089506172839505,5.635802469135802,7,5.364197530864197,1.635802469135802,0.1532056466053004,0.4721446428214162
Tévenon,5571,Yverdon,TRUE,recul,179,17,0.09497206703910614,342,26,0.07602339181286549,-0.01894867522624065,0.8004815961472308,13.608187134502923,9,12.391812865497075,-3.391812865497076,1.8167563743188533,0.5695433307930041
Ursins,5932,Yverdon,TRUE,recul,53,2,0.03773584905660377,117,2,0.017094017094017096,-0.020641831962586676,0.45299145299145305,0.9059829059829061,0,1.0940170940170941,-1.094017094017094,-5.87108682153918,0.5822610280903964
Valeyres-sous-Montagny,5933,Yverdon,TRUE,recul,169,11,0.0650887573964497,231,10,0.04329004329004329,-0.021798714106406415,0.6650924832743015,7.316017316017316,-1,2.6839826839826837,-3.683982683982684,1.8696426345342687,0.46115861197198066
Valeyres-sous-Rances,5763,Yverdon,TRUE,progression,148,8,0.05405405405405406,230,24,0.10434782608695652,0.05029377203290246,1.9304347826086954,15.443478260869565,16,8.556521739130435,7.443478260869564,-1.3167186538900992,0.5525598660537313
Valeyres-sous-Ursins,5934,Yverdon,TRUE,recul,94,11,0.11702127659574468,134,12,0.08955223880597014,-0.02746903778977454,0.7652645861601085,8.417910447761194,1,3.5820895522388057,-2.5820895522388065,2.7004513745335417,0.664557228155748
Vallorbe,5764,Yverdon,TRUE,progression,573,23,0.04013961605584642,996,82,0.0823293172690763,0.04218970121322988,2.0510738606600314,47.174698795180724,59,34.825301204819276,24.17469879518072,-0.44009555190551314,0.4183676920352961
Vaulion,5765,Yverdon,TRUE,stable,138,9,0.06521739130434782,209,12,0.05741626794258373,-0.007801123361764091,0.8803827751196173,7.9234449760765555,3,4.076555023923445,-1.0765550239234445,-0.8764367846845063,0.5242334298623057
Villars-Epeney,5935,Yverdon,TRUE,progression,23,1,0.043478260869565216,44,3,0.06818181818181818,0.02470355731225296,1.5681818181818181,1.5681818181818181,2,1.4318181818181817,0.5681818181818181,-1.660821156935351,0.5821514376501589
Vugelles-La Mothe,5937,Yverdon,TRUE,recul,38,2,0.05263157894736842,47,1,0.02127659574468085,-0.031354983202687564,0.4042553191489362,0.8085106382978723,-1,0.19148936170212766,-1.1914893617021274,-1.8003226153065564,0.5250797448165869
Vuiteboeuf,5766,Yverdon,TRUE,recul,115,8,0.06956521739130435,219,13,0.0593607305936073,-0.010204486797697046,0.853310502283105,6.82648401826484,5,6.173515981735159,-1.1735159817351604,0.3524705032295023,0.4771293853311082
Yverdon-les-Bains,5938,Yverdon,TRUE,stable,4321,408,0.09442258736403611,6711,568,0.08463716286693489,-0.009785424497101222,0.8963656390882981,365.71718074802567,160,202.2828192519744,-42.28281925197438,3.775520017692616,0.434390875764796
Yvonand,5939,Yverdon,TRUE,recul,768,61,0.07942708333333333,1215,73,0.060082304526748974,-0.019344778806584355,0.7564460635498887,46.14320987654321,12,26.85679012345679,-14.856790123456785,1.6565406899255617,0.48779836043743446
Cheseaux-sur-Lausanne,5582,Romanel,TRUE,progression,812,10,0.012315270935960592,1442,90,0.06241331484049931,0.05009804390453872,5.067961165048543,50.679611650485434,80,39.320388349514566,40.67961165048544,1.5902293490890032,0.5121978085210612
Epalinges,5584,Romanel,TRUE,progression,2033,27,0.013280865715691098,2996,157,0.05240320427236315,0.03912233855667205,3.9457671957671954,106.53571428571428,130,50.46428571428571,79.53571428571428,2.1277037495467352,0.5715720454439601
Jouxtens-Mézery,5585,Romanel,TRUE,progression,382,7,0.01832460732984293,644,23,0.03571428571428571,0.017389678384442782,1.9489795918367347,13.642857142857142,16,9.357142857142856,6.642857142857142,0.21930389725662486,0.6683595484481288
Lausanne,5586,Lausanne-Ville,TRUE,progression,18616,2310,0.1240868070477009,32431,5001,0.1542043106903888,0.030117503642687907,1.242713180871116,2870.667447812278,2691,2130.3325521877214,560.667447812278,7.643748974969288,0.46666712242980857
Le Mont-sur-Lausanne,5587,Romanel,TRUE,progression,1559,36,0.023091725465041693,2791,168,0.060193479039770695,0.037101753574729,2.6067120506389587,93.84163382300251,132,74.15836617699749,57.84163382300251,1.24420950192838,0.5165911258989968
Romanel-sur-Lausanne,5592,Romanel,TRUE,progression,646,12,0.018575851393188854,1180,73,0.06186440677966102,0.043288555386472166,3.3303672316384185,39.96440677966102,61,33.03559322033898,27.96440677966102,1.4139420631242305,0.4933832513368591
Belmont-sur-Lausanne,5581,Lavaux-Oron,TRUE,progression,754,2,0.002652519893899204,1297,61,0.047031611410948346,0.04437909151704914,17.73091750192753,35.46183500385505,59,25.538164996144953,33.46183500385505,0.6035288296952113,0.5778055347536499
Bourg-en-Lavaux,5613,Lavaux-Oron,TRUE,progression,1419,3,0.0021141649048625794,2280,99,0.04342105263157895,0.04130688772671637,20.53815789473684,61.61447368421053,96,37.38552631578948,58.61447368421052,1.790688236334649,0.5978875369060419
Chexbres,5601,Lavaux-Oron,TRUE,progression,506,2,0.003952569169960474,743,64,0.08613728129205922,0.08218471212209874,21.792732166890985,43.585464333781964,62,20.414535666218036,41.585464333781964,1.806049813940045,0.5233204554470356
Forel (Lavaux),5604,Lavaux-Oron,TRUE,progression,468,2,0.004273504273504274,778,42,0.05398457583547558,0.049711071561971305,12.632390745501285,25.26478149100257,40,16.73521850899743,23.26478149100257,-1.135796974054282,0.5762616452540075
Jorat-Mézières,5806,Lavaux-Oron,TRUE,progression,606,2,0.0033003300330033004,1133,65,0.05736981465136805,0.05406948461836475,17.383053839364518,34.766107678729036,63,30.23389232127096,32.766107678729036,0.48200540711282697,0.543210385091142
Lutry,5606,Lavaux-Oron,TRUE,progression,2440,8,0.003278688524590164,3657,161,0.0440251572327044,0.040746468708114235,13.427672955974842,107.42138364779873,153,53.57861635220125,99.42138364779873,-0.3803795146075127,0.5698395236943864
Maracon,5790,Lavaux-Oron,TRUE,progression,140,1,0.007142857142857143,255,29,0.11372549019607843,0.10658263305322128,15.92156862745098,15.92156862745098,28,13.07843137254902,14.92156862745098,1.6271950498202044,0.6019522144522145
Montpreveyres,5792,Lavaux-Oron,TRUE,progression,115,1,0.008695652173913044,234,13,0.05555555555555555,0.04685990338164251,6.388888888888888,6.388888888888888,12,6.611111111111111,5.388888888888888,1.59011241769742,0.5421209180469555
Oron,5805,Lavaux-Oron,TRUE,progression,1169,2,0.001710863986313088,1955,142,0.07263427109974424,0.07092340711343115,42.45473145780051,84.90946291560101,140,57.090537084398974,82.90946291560101,1.5091333497073334,0.5183668456013149
Paudex,5588,Lavaux-Oron,TRUE,progression,294,1,0.003401360544217687,386,28,0.07253886010362694,0.06913749955940925,21.32642487046632,21.32642487046632,27,6.6735751295336785,20.32642487046632,0.8151033373724714,0.5360168089912973
Puidoux,5607,Lavaux-Oron,TRUE,progression,552,1,0.0018115942028985507,884,52,0.058823529411764705,0.05701193520886615,32.470588235294116,32.470588235294116,51,19.52941176470588,31.470588235294116,-0.04086059593576136,0.5299792625617665
Pully,5590,Lavaux-Oron,TRUE,progression,3788,8,0.0021119324181626186,6036,340,0.05632869449966865,0.05421676208150603,26.67163684559311,213.37309476474485,332,126.62690523525514,205.37309476474485,1.8035301499160132,0.5760614400905401
Rivaz,5609,Lavaux-Oron,TRUE,progression,107,1,0.009345794392523364,164,15,0.09146341463414634,0.08211762024162297,9.786585365853659,9.786585365853659,14,5.213414634146341,8.786585365853659,1.5788402239324624,0.6349513655069211
Saint-Saphorin (Lavaux),5610,Lavaux-Oron,TRUE,progression,105,1,0.009523809523809525,188,30,0.1595744680851064,0.15005065856129687,16.75531914893617,16.75531914893617,29,13.24468085106383,15.755319148936172,3.5811005185861715,0.6157468320459791
Savigny,5611,Lavaux-Oron,TRUE,progression,828,2,0.0024154589371980675,1266,89,0.0703001579778831,0.06788469904068503,29.104265402843602,58.208530805687204,87,30.791469194312796,56.208530805687204,0.8323536459695636,0.5822194603661175
Servion,5799,Lavaux-Oron,TRUE,progression,409,1,0.0024449877750611247,729,42,0.05761316872427984,0.055168180949218715,23.563786008230455,23.563786008230455,41,18.43621399176955,22.563786008230455,1.0263641762765816,0.5521267118584584
Aclens,5621,Morges,FALSE,sans liste 2022,117,0,0,187,16,0.0855614973262032,0.0855614973262032,NA,10.010695187165775,16,5.9893048128342246,10.010695187165775,-0.2621534605703222,0.5300635332462013
Allaman,5851,Morges,FALSE,sans liste 2022,98,0,0,147,13,0.08843537414965986,0.08843537414965986,NA,8.666666666666666,13,4.333333333333333,8.666666666666666,0.520460648221126,0.5427777355141372
Aubonne,5422,Morges,FALSE,sans liste 2022,719,0,0,1187,78,0.06571187868576242,0.06571187868576242,NA,47.24684077506318,78,30.753159224936812,47.24684077506318,0.6104326443511122,0.527258824428703
Ballens,5423,Morges,FALSE,sans liste 2022,148,0,0,245,13,0.053061224489795916,0.053061224489795916,NA,7.853061224489796,13,5.146938775510204,7.853061224489796,-0.06030394210349389,0.582531278258745
Berolle,5424,Morges,FALSE,sans liste 2022,73,0,0,122,8,0.06557377049180328,0.06557377049180328,NA,4.786885245901639,8,3.2131147540983607,4.786885245901639,0.9972814785847596,0.5800474898236092
Bière,5425,Morges,FALSE,sans liste 2022,298,0,0,434,28,0.06451612903225806,0.06451612903225806,NA,19.225806451612904,28,8.774193548387096,19.225806451612904,-1.8519275208486652,0.48700394196824115
Bougy-Villars,5426,Morges,FALSE,sans liste 2022,98,0,0,168,9,0.05357142857142857,0.05357142857142857,NA,5.25,9,3.75,5.25,-1.6310895739296043,0.584749775807898
Bremblens,5622,Morges,FALSE,sans liste 2022,140,0,0,220,12,0.05454545454545454,0.05454545454545454,NA,7.636363636363636,12,4.363636363636363,7.636363636363636,-1.0960311124107525,0.5905877589352725
Buchillon,5623,Morges,FALSE,sans liste 2022,172,0,0,256,20,0.078125,0.078125,NA,13.4375,20,6.5625,13.4375,-1.1821525849303811,0.6200974397314466
Chavannes-le-Veyron,5475,Morges,FALSE,sans liste 2022,56,0,0,86,6,0.06976744186046512,0.06976744186046512,NA,3.9069767441860463,6,2.0930232558139537,3.9069767441860463,0.18659504684571382,0.686868686868687
Chevilly,5476,Morges,FALSE,sans liste 2022,82,0,0,153,8,0.05228758169934641,0.05228758169934641,NA,4.287581699346405,8,3.712418300653595,4.287581699346405,-0.5611770666143185,0.577827592244893
Chigny,5628,Morges,FALSE,sans liste 2022,86,0,0,163,9,0.05521472392638037,0.05521472392638037,NA,4.748466257668712,9,4.251533742331288,4.748466257668712,0.9513258953986626,0.5844659547643526
Clarmont,5629,Morges,FALSE,sans liste 2022,46,0,0,78,2,0.02564102564102564,0.02564102564102564,NA,1.1794871794871795,2,0.8205128205128205,1.1794871794871795,-0.4705036881511813,0.5116234145011124
Cossonay,5477,Morges,FALSE,sans liste 2022,829,0,0,1478,104,0.07036535859269283,0.07036535859269283,NA,58.332882273342356,104,45.667117726657644,58.332882273342356,1.6303121777586809,0.5250406032461377
Cuarnens,5479,Morges,FALSE,sans liste 2022,121,0,0,238,15,0.06302521008403361,0.06302521008403361,NA,7.626050420168067,15,7.373949579831932,7.626050420168067,-1.1732043369477028,0.5510473588342442
Denens,5631,Morges,FALSE,sans liste 2022,200,0,0,297,22,0.07407407407407407,0.07407407407407407,NA,14.814814814814813,22,7.185185185185185,14.814814814814813,0.15611757004045113,0.6142781319802726
Denges,5632,Morges,FALSE,sans liste 2022,318,0,0,481,42,0.08731808731808732,0.08731808731808732,NA,27.76715176715177,42,14.232848232848234,27.76715176715177,3.2734766249154545,0.5445753190151076
Dizy,5481,Morges,FALSE,sans liste 2022,65,0,0,106,5,0.04716981132075472,0.04716981132075472,NA,3.066037735849057,5,1.9339622641509435,3.066037735849057,3.184255247418684,0.5691345914280456
Echandens,5633,Morges,FALSE,sans liste 2022,585,0,0,887,56,0.06313416009019165,0.06313416009019165,NA,36.93348365276212,56,19.06651634723788,36.93348365276212,0.30291540482481477,0.5247762568925013
Echichens,5634,Morges,FALSE,sans liste 2022,716,0,0,1140,44,0.03859649122807018,0.03859649122807018,NA,27.635087719298248,44,16.364912280701756,27.635087719298248,0.18451994056684334,0.5752627710755921
Eclépens,5482,Morges,FALSE,sans liste 2022,252,0,0,364,22,0.06043956043956044,0.06043956043956044,NA,15.230769230769232,22,6.769230769230769,15.230769230769232,0.5848625575722314,0.5734068040360348
Etoy,5636,Morges,FALSE,sans liste 2022,464,0,0,914,71,0.07768052516411379,0.07768052516411379,NA,36.0437636761488,71,34.95623632385121,36.0437636761488,1.4014797604906366,0.5519536856956698
Ferreyres,5483,Morges,FALSE,sans liste 2022,94,0,0,137,7,0.051094890510948905,0.051094890510948905,NA,4.802919708029197,7,2.197080291970803,4.802919708029197,2.878431930997539,0.584124109859404
Féchy,5427,Morges,FALSE,sans liste 2022,225,0,0,289,10,0.03460207612456748,0.03460207612456748,NA,7.785467128027682,10,2.2145328719723185,7.785467128027682,-1.269795961708684,0.5968665867939105
Gimel,5428,Morges,FALSE,sans liste 2022,356,0,0,573,31,0.05410122164048865,0.05410122164048865,NA,19.26003490401396,31,11.739965095986038,19.26003490401396,0.07379989360962562,0.4955043574924167
Gollion,5484,Morges,FALSE,sans liste 2022,232,0,0,388,25,0.06443298969072164,0.06443298969072164,NA,14.948453608247421,25,10.051546391752577,14.948453608247421,0.293121035916119,0.5554193525523023
Grancy,5485,Morges,FALSE,sans liste 2022,118,0,0,206,8,0.038834951456310676,0.038834951456310676,NA,4.58252427184466,8,3.4174757281553396,4.58252427184466,-1.472244891331062,0.5591777429126826
Hautemorges,5656,Morges,FALSE,sans liste 2022,955,0,0,1617,84,0.05194805194805195,0.05194805194805195,NA,49.61038961038961,84,34.38961038961039,49.61038961038961,0.5549689369505246,0.5466288493961085
L'Isle,5486,Morges,FALSE,sans liste 2022,227,0,0,413,28,0.06779661016949153,0.06779661016949153,NA,15.389830508474576,28,12.610169491525424,15.389830508474576,0.46904430468031655,0.5256296605308443
La Chaux (Cossonay),5474,Morges,FALSE,sans liste 2022,100,0,0,180,9,0.05,0.05,NA,5,9,4,5,0.3055246167715526,0.49864146704655143
La Sarraz,5498,Morges,FALSE,sans liste 2022,422,0,0,659,71,0.10773899848254932,0.10773899848254932,NA,45.46585735963581,71,25.53414264036419,45.46585735963581,3.4548873165105007,0.47626786632126783
Lavigny,5637,Morges,FALSE,sans liste 2022,196,0,0,358,16,0.0446927374301676,0.0446927374301676,NA,8.759776536312849,16,7.240223463687151,8.759776536312849,-0.07025239727780422,0.5635025540345773
Lonay,5638,Morges,FALSE,sans liste 2022,553,0,0,896,50,0.05580357142857143,0.05580357142857143,NA,30.859375,50,19.140625,30.859375,0.4043179948728278,0.5332451605778383
Lully VD,5639,Morges,FALSE,sans liste 2022,187,0,0,319,19,0.05956112852664577,0.05956112852664577,NA,11.137931034482758,19,7.862068965517241,11.137931034482758,1.2000561864669304,0.6240209537385762
Lussy-sur-Morges,5640,Morges,FALSE,sans liste 2022,183,0,0,276,19,0.06884057971014493,0.06884057971014493,NA,12.597826086956522,19,6.4021739130434785,12.597826086956522,2.13771798482006,0.6051615499424018
Mauraz,5488,Morges,FALSE,sans liste 2022,20,0,0,29,3,0.10344827586206896,0.10344827586206896,NA,2.0689655172413794,3,0.9310344827586207,2.0689655172413794,4.286217842902305,0.6737603305785123
Moiry VD,5490,Morges,FALSE,sans liste 2022,104,0,0,143,17,0.11888111888111888,0.11888111888111888,NA,12.363636363636363,17,4.636363636363637,12.363636363636363,5.213452430919119,0.6046620349242818
Mollens VD,5431,Morges,FALSE,sans liste 2022,73,0,0,135,6,0.044444444444444446,0.044444444444444446,NA,3.2444444444444445,6,2.7555555555555555,3.2444444444444445,-0.08383946782217677,0.5532082740875456
Mont-la-Ville,5491,Morges,FALSE,sans liste 2022,113,0,0,189,11,0.0582010582010582,0.0582010582010582,NA,6.576719576719577,11,4.423280423280423,6.576719576719577,-0.40409048054975516,0.5351767742419217
Montricher,5492,Morges,FALSE,sans liste 2022,249,0,0,411,27,0.06569343065693431,0.06569343065693431,NA,16.357664233576642,27,10.642335766423358,16.357664233576642,-1.282044315777929,0.5778720050812172
Morges,5642,Morges,FALSE,sans liste 2022,2943,0,0,4454,352,0.07903008531656938,0.07903008531656938,NA,232.58554108666368,352,119.41445891333633,232.58554108666368,3.1051398399416845,0.5178362233228204
Orny,5493,Morges,FALSE,sans liste 2022,98,0,0,182,23,0.12637362637362637,0.12637362637362637,NA,12.384615384615383,23,10.615384615384615,12.384615384615383,3.3183510391759103,0.5213133775892018
Pompaples,5497,Morges,FALSE,sans liste 2022,148,0,0,267,15,0.056179775280898875,0.056179775280898875,NA,8.314606741573034,15,6.685393258426966,8.314606741573034,-0.24786044283523473,0.5197364715125371
Préverenges,5643,Morges,FALSE,sans liste 2022,895,0,0,1469,90,0.06126616746085772,0.06126616746085772,NA,54.83321987746766,90,35.16678012253233,54.83321987746766,2.221199213160927,0.5246995681951808
Romanel-sur-Morges,5645,Morges,FALSE,sans liste 2022,135,0,0,207,12,0.057971014492753624,0.057971014492753624,NA,7.826086956521739,12,4.173913043478261,7.826086956521739,-1.5574354676238882,0.5781049197182139
Saint-Livres,5435,Morges,FALSE,sans liste 2022,160,0,0,266,13,0.04887218045112782,0.04887218045112782,NA,7.819548872180451,13,5.180451127819548,7.819548872180451,0.39081117163529566,0.5752413168721655
Saint-Oyens,5436,Morges,FALSE,sans liste 2022,91,0,0,159,11,0.06918238993710692,0.06918238993710692,NA,6.29559748427673,11,4.70440251572327,6.29559748427673,0.2990613604487928,0.6708892313283684
Saint-Prex,5646,Morges,FALSE,sans liste 2022,927,0,0,1601,89,0.055590256089943786,0.055590256089943786,NA,51.53216739537789,89,37.46783260462211,51.53216739537789,0.36676146879844507,0.5480246577372508
Saubraz,5437,Morges,FALSE,sans liste 2022,84,0,0,113,16,0.1415929203539823,0.1415929203539823,NA,11.893805309734514,16,4.106194690265487,11.893805309734514,1.8710211522311615,0.5278609201333977
Senarclens,5499,Morges,FALSE,sans liste 2022,115,0,0,177,5,0.02824858757062147,0.02824858757062147,NA,3.248587570621469,5,1.7514124293785311,3.248587570621469,-3.586119079715578,0.5325285865028409
Tolochenaz,5649,Morges,FALSE,sans liste 2022,350,0,0,567,41,0.07231040564373897,0.07231040564373897,NA,25.30864197530864,41,15.691358024691358,25.30864197530864,1.202868266816316,0.49106293324520295
Vaux-sur-Morges,5650,Morges,FALSE,sans liste 2022,60,0,0,95,5,0.05263157894736842,0.05263157894736842,NA,3.1578947368421053,5,1.8421052631578947,3.1578947368421053,1.0944369110888064,0.6815215549953922
Villars-sous-Yens,5652,Morges,FALSE,sans liste 2022,130,0,0,233,20,0.08583690987124463,0.08583690987124463,NA,11.158798283261802,20,8.841201716738198,11.158798283261802,1.317401433171641,0.5936356546373162
Vufflens-le-Château,5653,Morges,FALSE,sans liste 2022,238,0,0,373,10,0.02680965147453083,0.02680965147453083,NA,6.380697050938338,10,3.6193029490616624,6.380697050938338,-1.6148164936667453,0.6642613991745985
Vullierens,5654,Morges,FALSE,sans liste 2022,139,0,0,264,4,0.015151515151515152,0.015151515151515152,NA,2.106060606060606,4,1.893939393939394,2.106060606060606,-1.128561418229875,0.5721790396798522
Yens,5655,Morges,FALSE,sans liste 2022,326,0,0,504,25,0.0496031746031746,0.0496031746031746,NA,16.17063492063492,25,8.829365079365079,16.17063492063492,-0.21062378202743803,0.569068635811821
Arnex-sur-Nyon,5701,Nyon,FALSE,sans liste 2022,38,0,0,82,3,0.036585365853658534,0.036585365853658534,NA,1.3902439024390243,3,1.6097560975609755,1.3902439024390243,-0.9699744908434464,0.4733338659332006
Arzier - Le Muids,5702,Nyon,FALSE,sans liste 2022,498,0,0,955,48,0.050261780104712044,0.050261780104712044,NA,25.030366492146598,48,22.969633507853406,25.030366492146598,-0.9421494164713999,0.6058534466588015
Bassins,5703,Nyon,FALSE,sans liste 2022,313,0,0,497,26,0.052313883299798795,0.052313883299798795,NA,16.37424547283702,26,9.625754527162979,16.37424547283702,0.34448184263336507,0.5845183244475295
Begnins,5704,Nyon,FALSE,sans liste 2022,314,0,0,583,44,0.07547169811320754,0.07547169811320754,NA,23.69811320754717,44,20.30188679245283,23.69811320754717,-0.1328719314358594,0.5186752397778586
Bogis-Bossey,5705,Nyon,FALSE,sans liste 2022,128,0,0,259,22,0.08494208494208494,0.08494208494208494,NA,10.872586872586872,22,11.127413127413128,10.872586872586872,0.03713454833086473,0.5721985223230767
Borex,5706,Nyon,FALSE,sans liste 2022,224,0,0,336,23,0.06845238095238096,0.06845238095238096,NA,15.333333333333336,23,7.666666666666668,15.333333333333336,0.13212309671784944,0.570788887141741
Bursinel,5852,Nyon,FALSE,sans liste 2022,84,0,0,157,11,0.07006369426751592,0.07006369426751592,NA,5.885350318471337,11,5.114649681528662,5.885350318471337,-1.96008183532379,0.5652019615735547
Bursins,5853,Nyon,FALSE,sans liste 2022,176,0,0,252,11,0.04365079365079365,0.04365079365079365,NA,7.682539682539682,11,3.317460317460317,7.682539682539682,0.5977403986652823,0.5478564772160633
Burtigny,5854,Nyon,FALSE,sans liste 2022,90,0,0,139,7,0.050359712230215826,0.050359712230215826,NA,4.532374100719425,7,2.4676258992805753,4.532374100719425,0.22580565549753048,0.5680936764709066
Chavannes-de-Bogis,5707,Nyon,FALSE,sans liste 2022,183,0,0,277,14,0.05054151624548736,0.05054151624548736,NA,9.249097472924188,14,4.750902527075812,9.249097472924188,-2.18035162402152,0.5177710091371991
Chavannes-des-Bois,5708,Nyon,FALSE,sans liste 2022,140,0,0,248,5,0.020161290322580645,0.020161290322580645,NA,2.82258064516129,5,2.1774193548387095,2.82258064516129,-0.9231638557050043,0.5778770536537068
Chéserex,5709,Nyon,FALSE,sans liste 2022,268,0,0,438,23,0.05251141552511415,0.05251141552511415,NA,14.073059360730593,23,8.926940639269406,14.073059360730593,-1.5171708055943638,0.5796903389560094
Coinsins,5710,Nyon,FALSE,sans liste 2022,109,0,0,167,6,0.03592814371257485,0.03592814371257485,NA,3.9161676646706587,6,2.0838323353293413,3.9161676646706587,-1.8244854874926542,0.5503388802457074
Commugny,5711,Nyon,FALSE,sans liste 2022,396,0,0,746,29,0.0388739946380697,0.0388739946380697,NA,15.394101876675602,29,13.605898123324396,15.394101876675602,-0.9416492984913915,0.5669185418719289
Coppet,5712,Nyon,FALSE,sans liste 2022,510,0,0,898,24,0.026726057906458798,0.026726057906458798,NA,13.630289532293986,24,10.369710467706014,13.630289532293986,-1.3557976055423238,0.5135704776968261
Crans,5713,Nyon,FALSE,sans liste 2022,417,0,0,718,28,0.03899721448467967,0.03899721448467967,NA,16.261838440111422,28,11.73816155988858,16.261838440111422,-1.7369757577148097,0.5849882014438365
Crassier,5714,Nyon,FALSE,sans liste 2022,253,0,0,380,31,0.08157894736842106,0.08157894736842106,NA,20.63947368421053,31,10.360526315789475,20.63947368421053,0.1519624059232466,0.5570754877329585
Duillier,5715,Nyon,FALSE,sans liste 2022,204,0,0,359,16,0.04456824512534819,0.04456824512534819,NA,9.09192200557103,16,6.908077994428969,9.09192200557103,-0.4981321639591822,0.583548080862052
Dully,5855,Nyon,FALSE,sans liste 2022,130,0,0,206,7,0.03398058252427184,0.03398058252427184,NA,4.41747572815534,7,2.58252427184466,4.41747572815534,-1.609404973571417,0.5681458822990129
Essertines-sur-Rolle,5856,Nyon,FALSE,sans liste 2022,154,0,0,260,11,0.04230769230769231,0.04230769230769231,NA,6.515384615384615,11,4.484615384615385,6.515384615384615,-1.6059931613958083,0.6042647899466784
Eysins,5716,Nyon,FALSE,sans liste 2022,257,0,0,480,37,0.07708333333333334,0.07708333333333334,NA,19.81041666666667,37,17.189583333333335,19.81041666666667,-0.2553995636501521,0.5760895065240939
Founex,5717,Nyon,FALSE,sans liste 2022,517,0,0,983,55,0.05595116988809766,0.05595116988809766,NA,28.92675483214649,55,26.07324516785351,28.92675483214649,-0.7729975644061224,0.583780241054149
Genolier,5718,Nyon,FALSE,sans liste 2022,416,0,0,683,16,0.02342606149341142,0.02342606149341142,NA,9.745241581259151,16,6.254758418740849,9.745241581259151,-1.3650737036125902,0.6051336434109721
Gilly,5857,Nyon,FALSE,sans liste 2022,277,0,0,434,17,0.03917050691244239,0.03917050691244239,NA,10.850230414746543,17,6.1497695852534555,10.850230414746543,-1.335660847115875,0.5731392482436372
Gingins,5719,Nyon,FALSE,sans liste 2022,240,0,0,418,32,0.07655502392344497,0.07655502392344497,NA,18.373205741626794,32,13.626794258373206,18.373205741626794,-0.9529052049496569,0.5855234322167671
Givrins,5720,Nyon,FALSE,sans liste 2022,267,0,0,414,22,0.05314009661835749,0.05314009661835749,NA,14.18840579710145,22,7.811594202898551,14.18840579710145,0.2395852730938524,0.6006840950314016
Gland,5721,Nyon,FALSE,sans liste 2022,1783,0,0,3270,197,0.06024464831804281,0.06024464831804281,NA,107.41620795107033,197,89.58379204892967,107.41620795107033,0.6154389740271478,0.507280614609144
Grens,5722,Nyon,FALSE,sans liste 2022,88,0,0,158,12,0.0759493670886076,0.0759493670886076,NA,6.6835443037974684,12,5.3164556962025316,6.6835443037974684,2.127610241871655,0.5941821465077279
La Rippe,5726,Nyon,FALSE,sans liste 2022,199,0,0,390,21,0.05384615384615385,0.05384615384615385,NA,10.715384615384616,21,10.284615384615385,10.715384615384616,-0.32645314391358843,0.5654000640171835
Le Vaud,5731,Nyon,FALSE,sans liste 2022,301,0,0,499,27,0.05410821643286573,0.05410821643286573,NA,16.286573146292586,27,10.713426853707414,16.286573146292586,5.03393081584671,0.3713619473806225
Longirod,5429,Nyon,FALSE,sans liste 2022,114,0,0,207,15,0.07246376811594203,0.07246376811594203,NA,8.260869565217392,15,6.739130434782609,8.260869565217392,0.28879444345282435,0.5389123645777811
Luins,5858,Nyon,FALSE,sans liste 2022,106,0,0,182,6,0.03296703296703297,0.03296703296703297,NA,3.4945054945054945,6,2.5054945054945055,3.4945054945054945,-2.4333612130620503,0.5530675251290669
Marchissy,5430,Nyon,FALSE,sans liste 2022,112,0,0,192,14,0.07291666666666667,0.07291666666666667,NA,8.166666666666668,14,5.833333333333334,8.166666666666668,-0.2289531191474321,0.5696511996360062
Mies,5723,Nyon,FALSE,sans liste 2022,291,0,0,457,29,0.06345733041575492,0.06345733041575492,NA,18.466083150984684,29,10.533916849015316,18.466083150984684,-0.8430263369748406,0.5484241710229605
Mont-sur-Rolle,5859,Nyon,FALSE,sans liste 2022,429,0,0,716,39,0.05446927374301676,0.05446927374301676,NA,23.36731843575419,39,15.632681564245809,23.36731843575419,-0.030791000823373233,0.5267301841459946
Nyon,5724,Nyon,FALSE,sans liste 2022,2918,0,0,5247,421,0.08023632551934438,0.08023632551934438,NA,234.12959786544693,421,186.87040213455307,234.12959786544693,3.242022257130385,0.48882496789083907
Perroy,5860,Nyon,FALSE,sans liste 2022,273,0,0,507,30,0.05917159763313609,0.05917159763313609,NA,16.153846153846153,30,13.846153846153845,16.153846153846153,-1.0381673966928717,0.5753901371617949
Prangins,5725,Nyon,FALSE,sans liste 2022,711,0,0,1274,67,0.05259026687598116,0.05259026687598116,NA,37.391679748822604,67,29.608320251177393,37.391679748822604,1.0242008389505861,0.5907505550431509
Rolle,5861,Nyon,FALSE,sans liste 2022,891,0,0,1567,97,0.06190172303765156,0.06190172303765156,NA,55.15443522654754,97,41.84556477345245,55.15443522654754,1.4534150842958025,0.5038433255476943
Saint-Cergue,5727,Nyon,FALSE,sans liste 2022,316,0,0,832,47,0.056490384615384616,0.056490384615384616,NA,17.85096153846154,47,29.149038461538463,17.85096153846154,0.49489755750444864,0.47271776596831294
Saint-George,5434,Nyon,FALSE,sans liste 2022,233,0,0,364,26,0.07142857142857142,0.07142857142857142,NA,16.642857142857142,26,9.357142857142856,16.642857142857142,0.7668561286759094,0.5303933587620039
Signy-Avenex,5728,Nyon,FALSE,sans liste 2022,112,0,0,187,10,0.053475935828877004,0.053475935828877004,NA,5.9893048128342246,10,4.0106951871657754,5.9893048128342246,-2.2091238993043536,0.5464474645674295
Tannay,5729,Nyon,FALSE,sans liste 2022,290,0,0,547,27,0.04936014625228519,0.04936014625228519,NA,14.314442413162705,27,12.685557586837295,14.314442413162705,-1.184488490362031,0.5985123738118003
Tartegnin,5862,Nyon,FALSE,sans liste 2022,61,0,0,100,9,0.09,0.09,NA,5.49,9,3.51,5.49,-4.233980591573036,0.5529272459477592
Trélex,5730,Nyon,FALSE,sans liste 2022,352,0,0,569,20,0.0351493848857645,0.0351493848857645,NA,12.372583479789105,20,7.627416520210897,12.372583479789105,-0.5207607876138504,0.6337379094054916
Vich,5732,Nyon,FALSE,sans liste 2022,166,0,0,302,14,0.046357615894039736,0.046357615894039736,NA,7.695364238410596,14,6.304635761589404,7.695364238410596,-0.3056020758679826,0.55812000107531
Vinzel,5863,Nyon,FALSE,sans liste 2022,101,0,0,152,9,0.05921052631578947,0.05921052631578947,NA,5.980263157894736,9,3.019736842105263,5.980263157894736,-1.4997894611195637,0.5914077483697737
Bussigny,5624,Ouest lausannois,TRUE,progression,1401,68,0.04853675945753034,2639,223,0.08450170519136037,0.03596494573383003,1.7409836613690568,118.38688897309588,155,104.61311102690414,50.38688897309587,2.6293556576309594,0.47598579762984267
Chavannes-près-Renens,5627,Ouest lausannois,TRUE,stable,700,75,0.10714285714285714,1393,162,0.11629576453697056,0.009152907394113424,1.085427135678392,81.40703517587939,87,80.5929648241206,6.407035175879397,5.708448881528877,0.36020807334405264
Crissier,5583,Ouest lausannois,TRUE,progression,971,69,0.07106076210092688,2060,183,0.08883495145631068,0.0177741893553838,1.2501266357112706,86.25873786407767,114,96.74126213592233,17.25873786407767,2.854534773891054,0.42410571335133723
Ecublens VD,5635,Ouest lausannois,TRUE,progression,1631,64,0.03923973022685469,2629,195,0.07417268923545074,0.034932959008596054,1.89024462723469,120.97565614302016,131,74.02434385697984,56.97565614302017,2.7339292145188927,0.46267704730277964
Prilly,5589,Ouest lausannois,TRUE,progression,1674,112,0.06690561529271206,2664,284,0.1066066066066066,0.03970099131389454,1.5933880308880308,178.45945945945945,172,105.54054054054053,66.45945945945947,4.7156581658589305,0.46052019049015086
Renens VD,5591,Ouest lausannois,TRUE,recul,2154,384,0.17827298050139276,3445,435,0.1262699564586357,-0.05200302404275706,0.7082955370101597,271.9854862119013,51,163.0145137880987,-112.0145137880987,5.9765982022208135,0.39480298400687724
Saint-Sulpice,5648,Ouest lausannois,TRUE,progression,853,29,0.03399765533411489,1366,83,0.06076134699853587,0.026763691664420983,1.787221689301762,51.8294289897511,54,31.170571010248903,22.829428989751097,0.12471620754565672,0.6174761260366995
Villars-Sainte-Croix,5651,Ouest lausannois,TRUE,stable,169,11,0.0650887573964497,273,18,0.06593406593406594,8.453085376162323e-4,1.012987012987013,11.142857142857142,7,6.857142857142858,0.14285714285714324,-0.8762441000267261,0.49147148899672777
Blonay - Saint-Légier,5892,Riviera,TRUE,recul,2601,131,0.050365244136870435,4366,173,0.039624370132844706,-0.010740874004025729,0.7867403566070922,103.06298671552908,42,69.93701328447091,-27.937013284470922,-0.14999928134235976,0.5715260907069065
Chardonne,5882,Riviera,TRUE,stable,727,55,0.07565337001375516,1240,82,0.06612903225806452,-0.009524337755690643,0.8741055718475074,48.075806451612905,27,33.924193548387095,-6.924193548387097,0.6308191885331581,0.5710519781130674
Château-d'Oex,5841,Pays-d'Enhaut,FALSE,sans liste 2022,819,0,0,1084,30,0.027675276752767528,0.027675276752767528,NA,22.666051660516604,30,7.333948339483395,22.666051660516604,-3.431691945110838,0.47632379351129006
Corseaux,5883,Riviera,TRUE,stable,610,34,0.05573770491803279,844,55,0.06516587677725119,0.009428171859218404,1.1691524951212713,39.75118483412323,21,15.24881516587678,5.751184834123226,0.131103915839974,0.6086975666148191
Corsier-sur-Vevey,5884,Riviera,TRUE,recul,629,61,0.09697933227344992,979,85,0.08682328907048008,-0.010156043202969839,0.8952762102513437,54.61184882533197,24,30.388151174668028,-6.388151174668029,2.183812050362043,0.5171921211430363
Jongny,5885,Riviera,TRUE,recul,388,24,0.061855670103092786,651,30,0.04608294930875576,-0.015772720794337024,0.7450076804915514,17.880184331797235,6,12.119815668202765,-6.119815668202765,0.16387720076321427,0.6005217268481355
La Tour-de-Peilz,5889,Riviera,TRUE,stable,2411,205,0.085026959767731225,3908,297,0.07599795291709315,-0.00902900685063808,0.8938100706493248,183.23106448311157,92,113.76893551688843,-21.768935516888412,2.8664244552372953,0.5476144955370108
Montreux,5886,Riviera,TRUE,stable,3456,243,0.0703125,5429,341,0.06281083072389022,-0.007501669276109776,0.8933095925175498,217.0742309817646,98,123.92576901823541,-25.925769018235385,1.6635043111624312,0.4663975249916474
Rossinière,5842,Pays-d'Enhaut,FALSE,sans liste 2022,132,0,0,196,4,0.02040816326530612,0.02040816326530612,NA,2.693877551020408,4,1.3061224489795917,2.693877551020408,-2.810990418367069,0.4477108586240104
Rougemont,5843,Pays-d'Enhaut,FALSE,sans liste 2022,142,0,0,210,1,0.004761904761904762,0.004761904761904762,NA,0.6761904761904762,1,0.3238095238095238,0.6761904761904762,-5.70266146734217,0.4055528740825713
Vevey,5890,Riviera,TRUE,recul,2884,698,0.2420249653259362,4782,827,0.17294019238812214,-0.06908477293781407,0.71455517886439,498.75951484734424,129,328.2404851526558,-199.24048515265576,7.01959494142321,0.46079069957333585
Veytaux,5891,Riviera,TRUE,recul,157,14,0.08917197452229299,252,13,0.051587301587301584,-0.0375846729349914,0.578514739229025,8.099206349206348,-1,4.90079365079365,-5.90079365079365,1.0919906660842265,0.47142240169104455
