Code;Libellé;Potentiel de consommation équivalent: P40 2022;Taux d'aide sociale 2025;Potentiel de consommation équivalent: P20 2022;Potentiel de consommation équivalent: P60 2022;Potentiel de consommation équivalent: P80 2022;Potentiel de consommation équivalent: médiane 2022;Emplois EPT, tous secteurs 2023;Emplois EPT dans le secteur primaire 2023;Emplois EPT dans le secteur secondaire 2023;Emplois EPT dans le secteur tertiaire 2023
5401;Aigle;42800;7.01;33500;54200;72800;48400;5126;207;1257;3662
5402;Bex;45400;8.59;34400;58700;77900;52100;2181;113;832;1236
5403;Chessel;52800;3.64;37900;63800;81600;58200;75;46;8;21
5404;Corbeyrier;55700;1.72;42700;66300;89400;60400;80;8;7;65
5405;Gryon;53900;1.58;40200;70700;97100;60300;325;6;81;238
5406;Lavey-Morcles;48500;4.28;37300;59200;76400;54300;309;7;51;251
5407;Leysin;46400;2.65;34400;59600;83600;52400;1168;21;125;1021
5408;Noville;55900;1.95;40900;74000;93000;62900;700;68;260;373
5409;Ollon;58500;1.55;43100;76500;105700;67000;2494;151;282;2061
5410;Ormont-Dessous;47600;3.01;36600;60200;75900;52700;307;50;31;227
5411;Ormont-Dessus;51900;0.8;40400;68100;92700;58400;643;24;133;486
5412;Rennaz;46900;5.75;34700;56800;74700;51400;2534;14;112;2408
5413;Roche;44600;5.45;34600;56200;72400;50500;542;12;347;184
5414;Villeneuve;44800;6.37;34100;57000;77800;50800;2483;26;955;1502
5415;Yvorne;57900;2.03;43400;72900;94300;66500;381;146;52;183
5422;Aubonne;61700;1.48;46700;81700;119900;71000;3431;82;1044;2305
5423;Ballens;59600;2;47800;72100;92900;66800;268;62;31;175
5424;Berolle;67400;1.6;47300;81000;102500;76600;48;26;8;14
5425;Bière;49000;3.33;39000;60600;78200;55700;435;52;154;229
5426;Bougy-Villars;86800;0.96;57900;132900;229900;109200;60;15;N/A - secret statistique;44
5427;Féchy;81800;0.99;56700;114800;190500;93900;275;33;46;196
5428;Gimel;55900;1.8;44500;69100;91600;62600;480;48;90;342
5429;Longirod;66000;1.23;47600;82900;105600;73200;60;30;7;23
5430;Marchissy;62100;0.08;49700;75000;101100;68600;61;30;15;16
5431;Mollens;57000;1.56;45600;76200;113400;66900;48;20;5;23
5434;Saint-George;64800;1.22;45400;85000;115200;72700;159;24;40;94
5435;Saint-Livres;66700;0.52;50200;84400;103800;75900;75;25;23;27
5436;Saint-Oyens;73900;0.36;56900;92000;108400;82400;52;8;21;24
5437;Saubraz;61800;0.42;45300;79600;100000;69800;24;N/A - secret statistique induit;9;10
5451;Avenches;45400;4.69;35300;55400;72600;50200;2470;132;811;1527
5456;Cudrefin;61000;0.81;48600;76400;103700;69200;282;57;32;193
5458;Faoug;56500;1.31;42500;74200;94500;63600;125;17;34;73
5464;Vully-les-Lacs;58000;1.75;44800;73800;100000;65700;483;132;42;309
5471;Bettens;68600;1.82;54500;84200;103400;75300;74;13;22;39
5472;Bournens;64400;1.43;51100;82200;107500;72000;39;12;N/A - secret statistique induit;21
5473;Boussens;65400;0.84;51300;82900;105600;75800;130;9;13;108
5474;La Chaux (Cossonay);61200;1.37;47900;77600;102800;68900;40;13;8;20
5475;Chavannes-le-Veyron;55500;4.26;37300;71200;99000;62200;22;17;N/A - secret statistique;N/A - secret statistique
5476;Chevilly;64200;0.79;51900;79000;111500;69800;22;10;4;8
5477;Cossonay;55100;2.43;42800;68500;91500;61600;1371;36;237;1099
5479;Cuarnens;59300;1.86;43500;74600;95700;67400;93;26;24;43
5480;Daillens;68200;0.81;54100;81600;110100;73700;788;17;99;672
5481;Dizy;60900;0.78;49600;77100;98400;67100;44;13;25;6
5482;Eclépens;58100;1.7;46900;72500;93100;65400;1512;21;976;515
5483;Ferreyres;57500;1.6;45500;81500;107900;69400;29;10;7;12
5484;Gollion;63400;0.49;51700;77800;99500;69300;246;32;59;154
5485;Grancy;65700;1.15;48600;84900;109500;75500;59;15;27;17
5486;L'Isle;53900;1.84;39700;67300;85400;60500;183;40;62;81
5487;Lussery-Villars;61700;0.88;44900;71500;86500;65000;35;12;N/A - secret statistique;20
5488;Mauraz;55800;0;45400;78900;96000;63000;8;N/A - secret statistique;0;N/A - secret statistique induit
5489;Mex;66300;1.82;50800;84800;124300;73800;1754;N/A - secret statistique induit;1679;69
5490;Moiry;57900;0.05;44200;68000;88900;63000;47;26;N/A - secret statistique;19
5491;Mont-la-Ville;58200;1.67;44600;69400;87900;64400;64;17;6;42
5492;Montricher;59700;1.48;43100;78100;95800;68000;243;42;65;136
5493;Orny;58300;0.85;44600;74100;92800;68400;78;26;8;45
5495;Penthalaz;50600;2.22;39200;64600;84300;57100;1237;7;143;1087
5496;Penthaz;61800;0.91;48500;76100;98600;67900;565;7;307;251
5497;Pompaples;51400;2.42;40300;66600;84400;57800;394;17;17;360
5498;La Sarraz;51800;2.31;39700;65800;90400;59100;511;17;95;399
5499;Senarclens;66700;1.47;54000;95700;125600;78700;110;9;27;75
5501;Sullens;70700;1.28;54900;84800;109600;75300;152;10;67;75
5503;Vufflens-la-Ville;69900;1.4;54400;89100;121200;79300;845;14;128;702
5511;Assens;64800;0.79;50500;79900;102200;71100;1298;41;574;684
5512;Bercher;59400;2.01;43800;69600;90900;63800;363;11;69;284
5514;Bottens;59200;1.12;47400;71700;97200;65700;178;26;65;87
5515;Bretigny-sur-Morrens;59500;1.52;46400;71800;97500;64700;217;7;126;85
5516;Cugy;62100;1.95;45800;79600;111100;69900;937;7;236;695
5518;Echallens;54800;2.39;42000;69500;89800;61600;2188;29;401;1759
5520;Essertines-sur-Yverdon;61900;1.47;49000;74300;99900;67500;142;28;26;88
5521;Etagnières;64000;0.81;47600;79700;96700;72100;614;20;216;379
5522;Fey;60400;1.27;47500;80700;98400;69000;169;15;107;47
5523;Froideville;63200;1.53;50600;76900;98900;70000;217;11;47;160
5527;Morrens;66000;1.43;52700;83400;101500;75100;126;13;38;76
5529;Oulens-sous-Echallens;65600;0.32;51300;84400;107400;73800;100;26;16;58
5530;Pailly;62800;0.24;47500;73600;92700;69500;159;39;29;91
5531;Penthéréaz;62900;1.99;45200;73600;91200;68600;78;22;42;14
5533;Poliez-Pittet;59100;1.54;46300;69600;88100;64900;319;18;141;161
5534;Rueyres;61400;0.14;46000;70300;98100;68100;87;7;61;19
5535;Saint-Barthélemy;61900;0.53;48200;74100;92300;68200;239;24;17;198
5537;Villars-le-Terroir;59200;1.49;48200;72600;90500;65800;179;31;44;105
5539;Vuarrens;61700;0.74;48400;73900;94000;67700;117;28;27;62
5540;Montilliez;60500;1.55;46500;73000;97400;67200;239;61;79;100
5541;Goumoëns;62400;1.81;51200;77200;98500;69900;261;32;73;155
5551;Bonvillars;67500;1.08;52400;78800;105600;72800;90;31;35;23
5552;Bullet;54100;1.54;42000;64400;82300;59100;155;21;23;111
5553;Champagne;57000;1.75;44900;71300;93600;64300;522;20;339;164
5554;Concise;58200;1.74;44100;71300;89100;66300;150;35;20;95
5555;Corcelles-près-Concise;55600;1.52;45800;68800;99400;62300;88;25;N/A - secret statistique;62
5556;Fiez;61300;1.3;43300;76400;96100;69300;39;11;5;23
5557;Fontaines-sur-Grandson;57300;2.63;49100;74500;96700;62300;13;7;0;6
5559;Giez;65500;1.31;50500;87400;117000;75800;74;15;41;18
5560;Grandevent;67800;0.57;51500;83100;110000;74700;15;7;N/A - secret statistique;7
5561;Grandson;57200;3.9;41100;71400;94100;64100;1272;9;288;975
5562;Mauborget;44800;2.81;28300;66400;87300;56800;14;8;N/A - secret statistique;6
5563;Mutrux;49200;1.04;40100;59300;89700;55100;19;9;N/A - secret statistique;6
5564;Novalles;63900;1.04;42500;71400;85500;71200;14;7;N/A - secret statistique;N/A - secret statistique
5565;Onnens;53900;1.56;44900;70000;98200;62900;185;18;N/A - secret statistique;164
5566;Provence;51100;2.36;38400;63000;79400;56200;143;42;30;71
5568;Sainte-Croix;41800;9.9;32600;53900;72000;47400;1529;51;554;924
5571;Tévenon;57400;1.04;45100;70700;95000;62400;95;23;19;53
5581;Belmont-sur-Lausanne;75400;1.03;54500;99800;137200;84800;399;N/A - secret statistique;56;339
5582;Cheseaux-sur-Lausanne;56800;1.71;46000;72900;97600;64000;1730;20;391;1319
5583;Crissier;48900;3.45;37300;63000;87300;55400;9155;9;3018;6128
5584;Epalinges;62300;2.1;45500;86000;123700;72700;3107;N/A - secret statistique;138;2966
5585;Jouxtens-Mézery;104600;0.39;74700;144400;200300;122500;143;N/A - secret statistique;43;99
5586;Lausanne;44400;4.66;33300;59200;85600;51100;104018;98;5891;98029
5587;Le Mont-sur-Lausanne;63700;1.93;47300;85700;124400;73900;7075;44;1686;5345
5588;Paudex;59300;2.44;44200;78500;121400;67700;1074;N/A - secret statistique;161;912
5589;Prilly;44600;4.2;34900;55600;77400;50000;5737;N/A - secret statistique;1146;4588
5590;Pully;68800;1.8;47600;96000;147600;81000;4698;19;268;4411
5591;Renens;42000;4.67;33000;51900;68500;46600;13669;28;2109;11532
5592;Romanel-sur-Lausanne;52000;2.69;39600;63600;84100;57700;1510;N/A - secret statistique;641;868
5601;Chexbres;64500;2.07;47700;84800;118300;75100;599;38;82;479
5604;Forel (Lavaux);59300;0.83;45000;75100;97200;66300;988;79;541;367
5606;Lutry;81400;1;55700;112500;169900;94700;2764;69;308;2388
5607;Puidoux;52800;2.43;41300;68400;96200;59500;2168;131;804;1233
5609;Rivaz;68900;1.48;48300;86000;119100;79000;56;33;N/A - secret statistique induit;16
5610;St-Saphorin (Lavaux);67800;2.39;50400;91400;122300;82100;61;20;N/A - secret statistique;38
5611;Savigny;67600;2.24;49400;84500;113300;76500;1172;68;283;821
5613;Bourg-en-Lavaux;74500;0.95;52000;100600;152800;86700;1251;206;117;928
5621;Aclens;64000;1.76;50600;82300;95900;73700;1764;11;552;1201
5622;Bremblens;75500;1.17;60200;101500;148300;92600;324;41;169;114
5623;Buchillon;89300;0.21;61300;135100;272700;112700;97;8;6;83
5624;Bussigny;51300;2.91;39500;64900;87700;57500;5479;12;1795;3673
5627;Chavannes-près-Renens;41700;3.15;32900;51500;65300;46700;3084;N/A - secret statistique;181;2903
5628;Chigny;88000;0.73;61000;126300;170300;110300;45;10;7;27
5629;Clarmont;69800;0.57;52300;87700;119800;79500;25;14;N/A - secret statistique;10
5631;Denens;82400;2.44;58400;109300;152700;94200;77;30;9;38
5632;Denges;61200;1.56;45200;82500;111200;71200;748;10;202;536
5633;Echandens;70000;1.41;51400;93400;131000;81000;1411;12;556;843
5634;Echichens;74100;0.98;55900;95200;133800;84800;589;75;30;484
5635;Ecublens;46900;2.37;36300;59500;82800;53000;15663;12;2684;12967
5636;Etoy;63600;1.31;46700;87200;123300;74300;2687;54;459;2174
5637;Lavigny;65600;1.06;48900;85500;114100;74400;735;29;77;629
5638;Lonay;68900;0.73;52100;88900;123100;77000;1325;52;428;845
5639;Lully;82600;0.21;58100;109400;156500;96100;135;10;37;87
5640;Lussy-sur-Morges;84800;0.02;57500;102600;146800;93700;175;11;39;125
5642;Morges;52900;2.56;39600;69100;100100;60100;9922;30;856;9036
5643;Préverenges;58800;1.75;44500;76800;110600;67000;1400;10;345;1045
5645;Romanel-sur-Morges;68800;0.89;52300;94500;121700;78600;454;14;251;188
5646;Saint-Prex;62400;1.7;45700;83800;124400;71000;2580;44;1214;1323
5648;Saint-Sulpice;78000;0.54;54000;108000;158200;91700;1392;N/A - secret statistique;356;1036
5649;Tolochenaz;58200;2.27;40900;76400;116700;65500;2297;9;800;1489
5650;Vaux-sur-Morges;70500;0.38;52100;93100;142600;81000;61;13;N/A - secret statistique;48
5651;Villars-Sainte-Croix;69300;1.61;54000;84800;106700;76400;1325;5;595;724
5652;Villars-sous-Yens;63600;1.6;44100;88600;113200;74800;62;28;4;30
5653;Vufflens-le-Château;91100;0.08;68600;123800;187800;106900;121;33;4;84
5654;Vullierens;66100;0.75;49800;85900;114300;73600;112;31;38;42
5655;Yens;74000;1.12;56000;100400;144400;86700;340;72;107;160
5656;Hautemorges;62700;0.95;48400;81000;109800;70600;879;162;179;539
5661;Boulens;56100;0.11;48500;71600;92700;64700;45;10;26;9
5663;Bussy-sur-Moudon;56900;0.66;47300;64300;89300;59800;25;7;15;N/A - secret statistique
5665;Chavannes-sur-Moudon;61200;0;43500;77500;102800;70500;39;30;N/A - secret statistique;5
5669;Curtilles;56800;1.09;42800;65600;85600;60300;42;16;9;17
5671;Dompierre;49800;1.89;34000;57600;93300;52500;32;14;10;7
5673;Hermenches;62200;1.19;45100;75500;93700;66100;38;15;N/A - secret statistique;20
5674;Lovatens;56500;0.35;46400;72000;93900;62900;20;14;N/A - secret statistique;6
5675;Lucens;44300;6.64;34000;54300;70200;48700;835;53;349;433
5678;Moudon;41300;6.8;33000;50300;66100;45800;2295;38;614;1643
5680;Ogens;57800;0.47;46500;69200;87200;60400;68;10;39;19
5683;Prévonloup;51400;1.15;39700;64000;81700;57000;23;11;6;6
5684;Rossenges;50200;0.28;35000;63300;74400;55700;6;N/A - secret statistique;0;N/A - secret statistique
5688;Syens;56700;1.37;36300;67700;89700;63300;18;N/A - secret statistique;10;5
5690;Villars-le-Comte;53300;0;46400;62600;89500;58700;17;9;N/A - secret statistique;7
5692;Vucherens;59700;0.9;47100;69800;92500;67000;131;10;6;115
5693;Montanaire;54000;2.26;43400;65800;85400;60500;542;126;146;270
5701;Arnex-sur-Nyon;69900;0;45700;91400;148900;81800;25;7;4;14
5702;Arzier-Le Muids;82200;0.57;58700;109900;156500;95500;286;18;35;234
5703;Bassins;74400;0.5;54700;94100;126400;82400;168;39;36;93
5704;Begnins;67200;1.02;49200;94100;141400;79000;289;42;21;226
5705;Bogis-Bossey;85800;0.34;59400;109700;144000;99900;70;8;N/A - secret statistique;61
5706;Borex;76700;0.62;51100;104800;155700;90200;91;15;8;68
5707;Chavannes-de-Bogis;84500;0.44;61700;107700;143700;95500;845;10;68;766
5708;Chavannes-des-Bois;96300;0.07;71600;127300;166000;107500;55;N/A - secret statistique;5;48
5709;Chéserex;82600;0.16;57700;108000;174900;93300;173;10;23;139
5710;Coinsins;75900;0.9;52600;102700;135800;92700;196;17;71;108
5711;Commugny;99700;0.68;69000;139300;211600;120000;205;14;14;178
5712;Coppet;103100;0.4;65400;139400;220300;118800;726;N/A - secret statistique;47;677
5713;Crans;94600;0.53;64300;128500;202200;108700;227;13;27;187
5714;Crassier;72800;0.5;51900;101800;136100;87800;333;14;134;185
5715;Duillier;77000;0.42;56900;100000;139900;87100;286;18;93;175
5716;Eysins;74100;0.92;53600;95300;130600;84900;1749;19;330;1400
5717;Founex;92800;0.36;59600;126300;194700;108600;747;59;85;602
5718;Genolier;93800;0.82;64800;124800;180400;106400;886;10;109;768
5719;Gingins;76400;0.4;56700;103500;152700;87600;282;18;130;134
5720;Givrins;81500;0.56;59900;113200;178100;93800;141;35;32;73
5721;Gland;57400;1.64;43500;74100;102100;65300;6577;61;1030;5486
5722;Grens;80800;1.31;64000;103600;146200;97100;331;22;281;29
5723;Mies;88600;0.32;59000;136400;247000;108300;685;N/A - secret statistique;35;647
5724;Nyon;58000;1.7;41300;78800;118000;67700;14858;38;2092;12729
5725;Prangins;73300;0.98;51200;98600;145300;84800;1809;13;943;853
5726;La Rippe;81800;0.42;57800;105400;137800;92600;191;19;54;118
5727;Saint-Cergue;58700;2.69;41800;78800;105300;68700;333;10;82;241
5728;Signy-Avenex;76900;0.57;60600;106900;146400;88300;596;31;33;532
5729;Tannay;108600;0.5;67200;155200;225400;129100;118;8;11;99
5730;Trélex;92400;0.32;58800;134400;205100;109100;175;22;30;124
5731;Le Vaud;72700;1.09;53400;92400;120000;81600;188;14;45;129
5732;Vich;75300;0.66;53900;97000;134300;85900;467;20;100;348
5741;L'Abergement;54000;1.76;41600;77600;105800;64300;26;15;5;6
5742;Agiez;58800;0.56;44200;69400;85100;62000;41;18;14;9
5743;Arnex-sur-Orbe;53900;3.01;41900;65900;83300;60900;130;40;51;39
5744;Ballaigues;49700;3.23;39700;61600;76400;55000;903;28;773;102
5745;Baulmes;51700;3.2;38500;62400;82300;56800;301;25;181;95
5746;Bavois;58900;1.27;44600;68600;86600;63600;169;32;23;114
5747;Bofflens;61700;1.01;46800;71700;91100;69700;38;29;8;N/A - secret statistique
5748;Bretonnières;62700;0.1;48200;68200;84600;66800;36;15;8;13
5749;Chavornay;51400;2.2;39800;63000;78800;57200;1612;113;637;861
5750;Les Clées;54200;1.88;37400;72600;94400;67100;15;4;6;5
5752;Croy;52600;1.4;41800;64800;82200;57000;76;N/A - secret statistique;10;61
5754;Juriens;53400;1.51;41200;64000;84100;59900;35;15;10;11
5755;Lignerolle;50900;1.5;38800;62200;80400;57000;63;23;10;29
5756;Montcherand;59900;1.75;46200;72400;95400;63800;48;12;23;13
5757;Orbe;47200;4.16;36900;59000;74600;52600;4025;28;1296;2701
5758;La Praz;60800;1.05;46400;75500;91400;66800;22;10;5;7
5759;Premier;53400;0.52;41000;62400;72300;56500;29;18;8;N/A - secret statistique
5760;Rances;60700;0.98;47500;73100;90100;67600;80;21;21;37
5761;Romainmôtier-Envy;48400;4.88;35600;62100;80700;54200;143;9;72;62
5762;Sergey;59900;0.59;43700;68700;87000;64000;14;5;N/A - secret statistique;5
5763;Valeyres-sous-Rances;57800;0.83;47800;73800;94200;66100;143;36;67;39
5764;Vallorbe;44000;7.58;34100;55200;70800;49200;1145;24;501;620
5765;Vaulion;47400;3.6;36700;56100;79600;52300;129;49;41;39
5766;Vuiteboeuf;51000;2.34;40800;63400;83700;55800;183;18;36;129
5785;Corcelles-le-Jorat;58300;1.25;44900;71500;94500;63300;60;25;9;26
5790;Maracon;61500;1.4;49100;78600;98700;68800;72;14;32;27
5792;Montpreveyres;66000;1.61;47900;77600;102600;71800;84;N/A - secret statistique;17;63
5798;Ropraz;54000;1.98;41800;71500;86500;63700;169;18;22;129
5799;Servion;64400;2.41;50000;81300;104700;73700;546;9;104;433
5803;Vulliens;60000;1.39;45600;75800;97400;67500;72;29;17;25
5804;Jorat-Menthue;59200;1.08;46700;73200;94300;65200;254;44;83;127
5805;Oron;51400;3.84;38800;64500;84500;57900;1861;130;546;1185
5806;Jorat-Mézières;58400;1.37;43500;73200;93800;65700;694;104;87;503
5812;Champtauroz;54000;1.91;40300;63700;77900;58300;14;10;0;N/A - secret statistique
5813;Chevroux;54800;2.36;42100;70700;89200;60400;78;11;17;51
5816;Corcelles-près-Payerne;46400;4.79;35900;56700;73600;51100;698;64;335;298
5817;Grandcour;50500;3.37;41700;61800;82300;56200;175;45;69;61
5819;Henniez;44700;5.56;35500;53200;68900;48900;255;5;204;46
5821;Missy;49500;2.32;36400;65100;81800;55500;48;24;7;17
5822;Payerne;41700;6.06;32800;51900;69000;46400;5636;61;923;4652
5827;Trey;55600;0.74;44800;73200;92100;63400;53;41;6;6
5828;Treytorrens;56300;2.86;45900;67600;93200;60700;14;9;N/A - secret statistique;4
5830;Villarzel;52300;0.57;37000;61900;80800;55400;90;37;17;36
5831;Valbroye;49900;3.06;38000;62100;78200;54900;1108;172;436;500
5841;Château-d'Oex;47200;0.58;36600;58800;80600;52000;1341;155;272;914
5842;Rossinière;49700;0.88;37900;59900;82800;55900;117;26;48;43
5843;Rougemont;52300;0.35;42400;66100;111800;59200;352;52;52;247
5851;Allaman;64200;1.49;50500;87800;127500;78400;287;36;27;224
5852;Bursinel;66100;0.97;49600;91000;147900;79100;62;13;6;43
5853;Bursins;70700;1.37;49700;92800;133500;80900;392;31;82;279
5854;Burtigny;61000;1.51;41800;73400;117100;67100;90;15;12;63
5855;Dully;91500;0.18;65200;130700;192000;111800;83;N/A - secret statistique;6;77
5856;Essertines-sur-Rolle;68200;0.59;49100;88000;122400;78000;67;23;7;36
5857;Gilly;80600;0.42;59100;103400;141600;92000;241;50;21;170
5858;Luins;71900;1.78;49200;99200;137500;82200;114;50;14;49
5859;Mont-sur-Rolle;70400;0.72;50200;92800;129300;80800;381;71;48;262
5860;Perroy;66500;0.9;46200;89500;136100;75900;362;47;118;197
5861;Rolle;60400;1.48;43300;83000;126100;70600;4060;70;524;3465
5862;Tartegnin;63900;0;47900;76600;127600;68700;48;40;N/A - secret statistique;8
5863;Vinzel;76300;0;55400;94000;130200;83400;110;38;5;68
5871;L'Abbaye;52600;2.47;39500;68100;87700;60500;511;12;295;204
5872;Le Chenit;49200;2.71;37800;62000;81000;55200;6166;64;4256;1847
5873;Le Lieu;50700;3.14;37700;65000;88800;57100;691;17;583;91
5882;Chardonne;71000;1.1;53000;94700;139100;81700;519;65;19;435
5883;Corseaux;77500;2.24;52800;104000;155200;90800;339;13;46;280
5884;Corsier-sur-Vevey;49600;3.93;37900;65100;93500;55900;1595;24;624;947
5885;Jongny;74900;1.19;55600;92800;124900;83300;190;7;24;159
5886;Montreux;46900;6.17;35200;62800;95500;54400;10185;68;1007;9110
5889;La Tour-de-Peilz;54500;4.17;39700;72900;106700;62700;2859;26;193;2640
5890;Vevey;43900;5.77;34000;57000;80800;49800;11428;N/A - secret statistique;691;10734
5891;Veytaux;51300;7.7;37500;65500;90200;57300;198;N/A - secret statistique;40;155
5892;Blonay-St-Légier;73400;1.37;54400;98300;141600;85400;3776;62;666;3048
5902;Belmont-sur-Yverdon;59800;1.32;47400;70000;95200;64300;45;22;9;14
5903;Bioley-Magnoux;58000;2.08;46700;69000;84800;61800;28;15;N/A - secret statistique;10
5904;Chamblon;62300;1.58;48000;79300;101000;71500;179;0;14;165
5905;Champvent;53500;1.43;42900;63800;82400;59500;298;60;182;56
5907;Chavannes-le-Chêne;55700;0.49;41400;69200;86200;64900;36;8;11;17
5908;Chêne-Pâquier;56900;0.09;40900;66900;79100;62400;33;5;23;5
5909;Cheseaux-Noréaz;80800;0.44;65300;96800;134300;88800;213;18;N/A - secret statistique;193
5910;Cronay;57400;0.84;44100;67000;84500;61500;48;29;5;14
5911;Cuarny;61200;1.45;51300;72400;90400;68400;32;14;10;8
5912;Démoret;47000;0.61;37200;61600;88700;51500;48;18;15;15
5913;Donneloye;55900;2.73;40900;66900;83400;60500;119;37;47;36
5914;Ependes;50900;0.53;40400;64300;80000;58600;104;13;18;72
5919;Mathod;52700;2.42;44100;66900;83000;59400;146;39;27;80
5921;Molondin;50000;1.16;42000;61100;75000;53100;75;16;16;43
5922;Montagny-près-Yverdon;60300;1.47;48000;76900;99300;67300;1613;9;137;1467
5923;Oppens;56400;0.61;49400;69000;103200;59700;188;77;31;80
5924;Orges;53900;1.73;42900;69600;83600;61500;120;14;47;59
5925;Orzens;46900;2.93;37700;63500;77200;53500;45;11;21;14
5926;Pomy;60000;0.64;46100;75400;96000;66500;218;53;45;120
5928;Rovray;50900;0.22;37900;72800;82500;60000;32;22;8;N/A - secret statistique
5929;Suchy;61100;0.82;49000;76100;93100;67300;90;19;36;35
5930;Suscévaz;51000;2.08;38600;66500;87200;62800;22;14;N/A - secret statistique;7
5931;Treycovagnes;59600;0.94;43400;75100;94800;69200;61;N/A - secret statistique;30;27
5932;Ursins;57000;1.89;43900;66600;77300;60000;68;9;5;54
5933;Valeyres-sous-Montagny;57800;1.4;44400;73800;90800;63300;99;11;43;46
5934;Valeyres-sous-Ursins;55600;1.68;43900;75100;90700;68700;24;10;7;7
5935;Villars-Epeney;70000;4.76;60800;76600;113300;74600;4;N/A - secret statistique;N/A - secret statistique;N/A - secret statistique
5937;Vugelles-La Mothe;58600;2.42;39600;72400;94700;60100;16;6;5;5
5938;Yverdon-les-Bains;42600;6.19;33800;52800;70700;47200;17168;261;3000;13907
5939;Yvonand;51100;3.58;39500;64700;85600;57700;887;27;269;591